Dataset,Algorithm,Power,SparsificationTime[s],FeaturizationTime[s],Accuracy,Std
DD,None,None,4.315233e-02,9.124523e+00,77.08,3.19
NCI1,None,None,1.562333e-02,2.574608e+00,76.4,1.39
PROTEINS_full,None,None,2.402067e-03,8.791485e-01,73.23,3.94
ENZYMES,None,None,1.075721e-02,4.236796e-01,42.0,4.99
IMDB-BINARY,None,None,4.903626e-02,6.908195e-01,74.8,4.33
IMDB-MULTI,None,None,8.664846e-03,8.730063e-01,49.87,3.99
REDDIT-BINARY,None,None,7.253695e-02,3.867282e+01,91.15,1.57
REDDIT-MULTI-5K,None,None,5.226779e-02,7.479792e+01,52.75,2.2
DD,None,None,5.020738e-02,9.090502e+00,77.08,3.19
NCI1,None,None,1.072526e-02,2.465079e+00,76.4,1.39
PROTEINS_full,None,None,2.397776e-03,9.232609e-01,73.23,3.94
ENZYMES,None,None,4.168749e-03,4.162271e-01,42.0,4.99
IMDB-BINARY,None,None,4.354954e-03,6.870587e-01,74.8,4.33
IMDB-MULTI,None,None,4.560947e-03,9.012272e-01,49.87,3.99
REDDIT-BINARY,None,None,1.556993e-02,3.845999e+01,91.15,1.57
REDDIT-MULTI-5K,None,None,4.257011e-02,7.485900e+01,52.75,2.2
DD,None,None,4.674649e-02,8.960854e+00,77.08,3.19
NCI1,None,None,5.680084e-03,2.494905e+00,76.4,1.39
PROTEINS_full,None,None,3.822327e-03,9.353638e-01,73.23,3.94
ENZYMES,None,None,4.190683e-03,4.237111e-01,42.0,4.99
IMDB-BINARY,None,None,4.390001e-03,7.058353e-01,74.8,4.33
IMDB-MULTI,None,None,4.884481e-03,9.006860e-01,49.87,3.99
REDDIT-BINARY,None,None,1.526690e-02,3.860037e+01,91.15,1.57
REDDIT-MULTI-5K,None,None,4.879618e-02,7.474295e+01,52.75,2.2
DD,None,None,4.846025e-02,9.005452e+00,77.08,3.19
NCI1,None,None,1.110005e-02,2.523726e+00,76.4,1.39
PROTEINS_full,None,None,3.506184e-03,8.843384e-01,73.23,3.94
ENZYMES,None,None,4.153967e-03,4.212072e-01,42.0,4.99
IMDB-BINARY,None,None,1.262426e-03,7.302930e-01,74.8,4.33
IMDB-MULTI,None,None,4.648447e-03,8.847027e-01,49.87,3.99
REDDIT-BINARY,None,None,1.415229e-02,3.892134e+01,91.15,1.57
REDDIT-MULTI-5K,None,None,4.577684e-02,7.483867e+01,52.75,2.2
DD,None,None,4.313707e-02,8.958756e+00,77.08,3.19
NCI1,None,None,5.429983e-03,2.439497e+00,76.4,1.39
PROTEINS_full,None,None,2.426863e-03,8.916152e-01,73.23,3.94
ENZYMES,None,None,4.150152e-03,4.198506e-01,42.0,4.99
IMDB-BINARY,None,None,4.367828e-03,6.988821e-01,74.8,4.33
IMDB-MULTI,None,None,4.580498e-03,8.902242e-01,49.87,3.99
REDDIT-BINARY,None,None,1.448846e-02,3.857689e+01,91.15,1.57
REDDIT-MULTI-5K,None,None,3.826880e-02,7.447706e+01,52.75,2.2
DD,None,None,4.403400e-02,8.926625e+00,77.08,3.19
NCI1,None,None,6.933928e-03,2.487672e+00,76.4,1.39
PROTEINS_full,None,None,3.991365e-03,9.041164e-01,73.23,3.94
ENZYMES,None,None,4.218340e-03,4.264956e-01,42.0,4.99
IMDB-BINARY,None,None,4.319429e-03,6.936944e-01,74.8,4.33
IMDB-MULTI,None,None,4.633188e-03,8.952184e-01,49.87,3.99
REDDIT-BINARY,None,None,1.471138e-02,3.863215e+01,91.15,1.57
REDDIT-MULTI-5K,None,None,4.794383e-02,7.447763e+01,52.75,2.2
DD,None,None,4.432082e-02,9.297465e+00,77.08,3.19
NCI1,None,None,1.078701e-02,2.663812e+00,76.4,1.39
PROTEINS_full,None,None,4.047155e-03,9.778323e-01,73.23,3.94
ENZYMES,None,None,4.270315e-03,4.268587e-01,42.0,4.99
IMDB-BINARY,None,None,4.304409e-03,6.887417e-01,74.8,4.33
IMDB-MULTI,None,None,1.578093e-03,9.678192e-01,49.87,3.99
REDDIT-BINARY,None,None,5.483150e-03,3.878882e+01,91.15,1.57
REDDIT-MULTI-5K,None,None,4.878950e-02,7.531611e+01,52.75,2.2
DD,None,None,4.898262e-02,8.957037e+00,77.08,3.19
NCI1,None,None,1.204300e-02,2.534094e+00,76.4,1.39
PROTEINS_full,None,None,2.686977e-03,9.062111e-01,73.23,3.94
ENZYMES,None,None,4.164934e-03,4.226792e-01,42.0,4.99
IMDB-BINARY,None,None,4.277945e-03,6.891701e-01,74.8,4.33
IMDB-MULTI,None,None,4.528284e-03,8.810675e-01,49.87,3.99
REDDIT-BINARY,None,None,1.476312e-02,3.903154e+01,91.15,1.57
REDDIT-MULTI-5K,None,None,4.507446e-02,7.646461e+01,52.75,2.2
DD,None,None,4.350400e-02,9.487442e+00,77.08,3.19
NCI1,None,None,5.152941e-03,2.583249e+00,76.4,1.39
PROTEINS_full,None,None,3.056526e-03,9.435828e-01,73.23,3.94
ENZYMES,None,None,4.201174e-03,4.248679e-01,42.0,4.99
IMDB-BINARY,None,None,1.139641e-03,6.811008e-01,74.8,4.33
IMDB-MULTI,None,None,4.541397e-03,8.812649e-01,49.87,3.99
REDDIT-BINARY,None,None,1.428962e-02,3.846700e+01,91.15,1.57
REDDIT-MULTI-5K,None,None,4.544449e-02,7.474971e+01,52.75,2.2
DD,None,None,4.816961e-02,9.010979e+00,77.08,3.19
NCI1,None,None,6.404400e-03,2.565237e+00,76.4,1.39
PROTEINS_full,None,None,3.335714e-03,8.827641e-01,73.23,3.94
ENZYMES,None,None,1.925707e-03,6.263115e-01,42.0,4.99
IMDB-BINARY,None,None,4.610062e-03,6.934729e-01,74.8,4.33
IMDB-MULTI,None,None,4.535198e-03,8.816373e-01,49.87,3.99
REDDIT-BINARY,None,None,6.987095e-03,3.866481e+01,91.15,1.57
REDDIT-MULTI-5K,None,None,4.763985e-02,7.458689e+01,52.75,2.2
DD,SparseRng,0.02,4.889965e-02,9.226148e+00,76.65,3.43
DD,SparseRng,0.02,5.960155e-02,9.034444e+00,76.65,3.43
DD,SparseRng,0.02,7.563400e-02,8.949534e+00,76.65,3.43
DD,SparseRng,0.02,3.752995e-02,8.981624e+00,76.65,3.43
DD,SparseRng,0.02,3.724623e-02,9.006234e+00,76.65,3.43
DD,SparseRng,0.02,3.801537e-02,9.231604e+00,76.65,3.43
DD,SparseRng,0.02,3.774762e-02,9.153232e+00,76.65,3.43
DD,SparseRng,0.02,3.745151e-02,8.969122e+00,76.65,3.43
DD,SparseRng,0.02,3.750467e-02,9.078278e+00,76.65,3.43
DD,SparseRng,0.02,3.710914e-02,9.056469e+00,76.65,3.43
DD,SparseRng,0.05,3.702831e-02,8.807510e+00,76.99,3.63
DD,SparseRng,0.05,7.849121e-02,8.875127e+00,76.99,3.63
DD,SparseRng,0.05,6.382966e-02,8.921805e+00,76.99,3.63
DD,SparseRng,0.05,3.802514e-02,9.019691e+00,76.99,3.63
DD,SparseRng,0.05,3.823090e-02,8.881239e+00,76.99,3.63
DD,SparseRng,0.05,3.810692e-02,9.005356e+00,76.99,3.63
DD,SparseRng,0.05,3.802443e-02,8.890312e+00,76.99,3.63
DD,SparseRng,0.05,3.770590e-02,8.834631e+00,76.99,3.63
DD,SparseRng,0.05,3.778529e-02,9.405058e+00,76.99,3.63
DD,SparseRng,0.05,3.763556e-02,8.900257e+00,76.99,3.63
DD,SparseRng,0.1,3.755355e-02,8.741751e+00,77.16,3.01
DD,SparseRng,0.1,6.233096e-02,8.732844e+00,77.16,3.01
DD,SparseRng,0.1,6.802440e-02,8.631243e+00,77.16,3.01
DD,SparseRng,0.1,3.768086e-02,9.094202e+00,77.16,3.01
DD,SparseRng,0.1,3.847241e-02,8.681622e+00,77.16,3.01
DD,SparseRng,0.1,3.776050e-02,8.643396e+00,77.16,3.01
DD,SparseRng,0.1,3.836703e-02,8.793622e+00,77.16,3.01
DD,SparseRng,0.1,3.762841e-02,8.682368e+00,77.16,3.01
DD,SparseRng,0.1,3.806305e-02,8.700587e+00,77.16,3.01
DD,SparseRng,0.1,3.779292e-02,8.597772e+00,77.16,3.01
DD,SparseRng,0.2,3.819489e-02,8.364574e+00,76.4,3.38
DD,SparseRng,0.2,5.912066e-02,8.042444e+00,76.4,3.38
DD,SparseRng,0.2,6.619191e-02,8.027647e+00,76.4,3.38
DD,SparseRng,0.2,3.785133e-02,8.083629e+00,76.4,3.38
DD,SparseRng,0.2,3.777146e-02,8.065827e+00,76.4,3.38
DD,SparseRng,0.2,3.839231e-02,8.059702e+00,76.4,3.38
DD,SparseRng,0.2,3.763175e-02,8.476068e+00,76.4,3.38
DD,SparseRng,0.2,3.835678e-02,8.210346e+00,76.4,3.38
DD,SparseRng,0.2,3.808093e-02,8.057491e+00,76.4,3.38
DD,SparseRng,0.2,3.786397e-02,8.091086e+00,76.4,3.38
DD,SparseRng,0.3,3.800511e-02,7.235591e+00,76.06,2.95
DD,SparseRng,0.3,6.850433e-02,7.361440e+00,76.06,2.95
DD,SparseRng,0.3,5.586433e-02,7.767065e+00,76.06,2.95
DD,SparseRng,0.3,3.778911e-02,7.329406e+00,76.06,2.95
DD,SparseRng,0.3,3.788066e-02,7.249929e+00,76.06,2.95
DD,SparseRng,0.3,3.829050e-02,7.407055e+00,76.06,2.95
DD,SparseRng,0.3,3.851676e-02,7.329711e+00,76.06,2.95
DD,SparseRng,0.3,3.818679e-02,7.259537e+00,76.06,2.95
DD,SparseRng,0.3,3.804326e-02,7.426608e+00,76.06,2.95
DD,SparseRng,0.3,3.840518e-02,7.226496e+00,76.06,2.95
DD,SparseRng,0.4,3.763843e-02,5.792825e+00,75.97,2.95
DD,SparseRng,0.4,6.643581e-02,5.815641e+00,75.97,2.95
DD,SparseRng,0.4,7.680869e-02,5.804474e+00,75.97,2.95
DD,SparseRng,0.4,3.826022e-02,5.853082e+00,75.97,2.95
DD,SparseRng,0.4,3.791690e-02,5.807132e+00,75.97,2.95
DD,SparseRng,0.4,3.769302e-02,5.856755e+00,75.97,2.95
DD,SparseRng,0.4,3.770614e-02,5.827821e+00,75.97,2.95
DD,SparseRng,0.4,3.810644e-02,5.837436e+00,75.97,2.95
DD,SparseRng,0.4,3.825855e-02,5.883037e+00,75.97,2.95
DD,SparseRng,0.4,3.779626e-02,6.058376e+00,75.97,2.95
DD,SparseRng,0.5,3.810930e-02,5.048408e+00,75.38,2.38
DD,SparseRng,0.5,7.612705e-02,4.744911e+00,75.38,2.38
DD,SparseRng,0.5,6.302094e-02,4.733122e+00,75.38,2.38
DD,SparseRng,0.5,3.819346e-02,4.882822e+00,75.38,2.38
DD,SparseRng,0.5,3.819203e-02,4.774776e+00,75.38,2.38
DD,SparseRng,0.5,3.838825e-02,4.784150e+00,75.38,2.38
DD,SparseRng,0.5,3.850579e-02,4.839760e+00,75.38,2.38
DD,SparseRng,0.5,3.888011e-02,4.791695e+00,75.38,2.38
DD,SparseRng,0.5,3.850651e-02,5.013222e+00,75.38,2.38
DD,SparseRng,0.5,3.804135e-02,5.264730e+00,75.38,2.38
DD,SparseRng,0.6,3.802085e-02,3.621864e+00,75.38,2.46
DD,SparseRng,0.6,7.571959e-02,3.408571e+00,75.38,2.46
DD,SparseRng,0.6,7.714629e-02,3.422456e+00,75.38,2.46
DD,SparseRng,0.6,3.843355e-02,3.475988e+00,75.38,2.46
DD,SparseRng,0.6,3.803349e-02,3.459355e+00,75.38,2.46
DD,SparseRng,0.6,3.819108e-02,3.485238e+00,75.38,2.46
DD,SparseRng,0.6,3.780651e-02,3.420223e+00,75.38,2.46
DD,SparseRng,0.6,3.803682e-02,3.548081e+00,75.38,2.46
DD,SparseRng,0.6,3.804517e-02,3.443942e+00,75.38,2.46
DD,SparseRng,0.6,3.822947e-02,3.491981e+00,75.38,2.46
DD,SparseRng,0.7,3.793454e-02,2.432987e+00,76.4,2.66
DD,SparseRng,0.7,7.571507e-02,2.613768e+00,76.4,2.66
DD,SparseRng,0.7,7.581878e-02,2.459003e+00,76.4,2.66
DD,SparseRng,0.7,4.147649e-02,2.538498e+00,76.4,2.66
DD,SparseRng,0.7,3.887153e-02,2.523959e+00,76.4,2.66
DD,SparseRng,0.7,3.813148e-02,2.507766e+00,76.4,2.66
DD,SparseRng,0.7,3.790760e-02,2.555720e+00,76.4,2.66
DD,SparseRng,0.7,3.772664e-02,2.453404e+00,76.4,2.66
DD,SparseRng,0.7,3.832364e-02,2.576811e+00,76.4,2.66
DD,SparseRng,0.7,3.799629e-02,2.497639e+00,76.4,2.66
DD,SparseRng,0.8,3.802252e-02,1.855234e+00,75.8,2.33
DD,SparseRng,0.8,6.684327e-02,1.835610e+00,75.8,2.33
DD,SparseRng,0.8,5.123806e-02,1.846242e+00,75.8,2.33
DD,SparseRng,0.8,3.817225e-02,1.869075e+00,75.8,2.33
DD,SparseRng,0.8,3.818750e-02,2.066631e+00,75.8,2.33
DD,SparseRng,0.8,3.833842e-02,1.829079e+00,75.8,2.33
DD,SparseRng,0.8,3.822875e-02,2.198656e+00,75.8,2.33
DD,SparseRng,0.8,3.840780e-02,1.860806e+00,75.8,2.33
DD,SparseRng,0.8,3.823328e-02,1.839193e+00,75.8,2.33
DD,SparseRng,0.8,3.845429e-02,1.839850e+00,75.8,2.33
DD,SparseRng,0.9,3.842998e-02,1.360808e+00,76.05,2.61
DD,SparseRng,0.9,6.608891e-02,1.322739e+00,76.05,2.61
DD,SparseRng,0.9,6.220508e-02,1.329765e+00,76.05,2.61
DD,SparseRng,0.9,3.925061e-02,1.387911e+00,76.05,2.61
DD,SparseRng,0.9,3.866911e-02,1.416775e+00,76.05,2.61
DD,SparseRng,0.9,3.858066e-02,1.393808e+00,76.05,2.61
DD,SparseRng,0.9,3.810406e-02,1.334511e+00,76.05,2.61
DD,SparseRng,0.9,3.873491e-02,1.401209e+00,76.05,2.61
DD,SparseRng,0.9,3.821301e-02,1.408455e+00,76.05,2.61
DD,SparseRng,0.9,3.774095e-02,1.332818e+00,76.05,2.61
DD,SparseRng,0.95,3.893352e-02,1.196164e+00,75.38,2.66
DD,SparseRng,0.95,6.386423e-02,1.131067e+00,75.38,2.66
DD,SparseRng,0.95,6.362534e-02,1.163412e+00,75.38,2.66
DD,SparseRng,0.95,3.835678e-02,1.197221e+00,75.38,2.66
DD,SparseRng,0.95,3.822255e-02,1.121565e+00,75.38,2.66
DD,SparseRng,0.95,4.035020e-02,1.418092e+00,75.38,2.66
DD,SparseRng,0.95,3.875542e-02,1.153385e+00,75.38,2.66
DD,SparseRng,0.95,3.885698e-02,1.205355e+00,75.38,2.66
DD,SparseRng,0.95,3.838181e-02,1.131413e+00,75.38,2.66
DD,SparseRng,0.95,3.846693e-02,1.212337e+00,75.38,2.66
DD,SparseRng,0.98,3.853679e-02,1.128297e+00,74.96,2.29
DD,SparseRng,0.98,6.558299e-02,1.011527e+00,74.96,2.29
DD,SparseRng,0.98,6.490827e-02,1.035543e+00,74.96,2.29
DD,SparseRng,0.98,3.904343e-02,1.091690e+00,74.96,2.29
DD,SparseRng,0.98,3.928399e-02,1.015247e+00,74.96,2.29
DD,SparseRng,0.98,3.903437e-02,1.083673e+00,74.96,2.29
DD,SparseRng,0.98,3.884244e-02,1.114760e+00,74.96,2.29
DD,SparseRng,0.98,3.852630e-02,1.052894e+00,74.96,2.29
DD,SparseRng,0.98,3.815603e-02,1.076667e+00,74.96,2.29
DD,SparseRng,0.98,3.801799e-02,1.007441e+00,74.96,2.29
NCI1,SparseRng,0.02,3.521919e-03,2.403310e+00,71.61,1.97
NCI1,SparseRng,0.02,5.976200e-03,2.470467e+00,71.61,1.97
NCI1,SparseRng,0.02,5.077124e-03,2.408974e+00,71.61,1.97
NCI1,SparseRng,0.02,3.535271e-03,2.366931e+00,71.61,1.97
NCI1,SparseRng,0.02,3.571033e-03,2.347213e+00,71.61,1.97
NCI1,SparseRng,0.02,3.674507e-03,2.304853e+00,71.61,1.97
NCI1,SparseRng,0.02,3.486633e-03,2.383425e+00,71.61,1.97
NCI1,SparseRng,0.02,3.455639e-03,2.326123e+00,71.61,1.97
NCI1,SparseRng,0.02,3.719091e-03,2.330985e+00,71.61,1.97
NCI1,SparseRng,0.02,3.522158e-03,2.323744e+00,71.61,1.97
NCI1,SparseRng,0.05,3.718615e-03,2.541820e+00,75.04,1.71
NCI1,SparseRng,0.05,5.461931e-03,2.557335e+00,75.04,1.71
NCI1,SparseRng,0.05,4.160166e-03,2.508447e+00,75.04,1.71
NCI1,SparseRng,0.05,3.900766e-03,2.701078e+00,75.04,1.71
NCI1,SparseRng,0.05,3.524303e-03,2.445125e+00,75.04,1.71
NCI1,SparseRng,0.05,3.554344e-03,2.725677e+00,75.04,1.71
NCI1,SparseRng,0.05,3.577232e-03,2.445806e+00,75.04,1.71
NCI1,SparseRng,0.05,3.536701e-03,2.440585e+00,75.04,1.71
NCI1,SparseRng,0.05,3.595352e-03,2.461768e+00,75.04,1.71
NCI1,SparseRng,0.05,3.556252e-03,2.529046e+00,75.04,1.71
NCI1,SparseRng,0.1,3.682852e-03,2.422354e+00,75.16,1.1
NCI1,SparseRng,0.1,5.833864e-03,2.585614e+00,75.16,1.1
NCI1,SparseRng,0.1,4.626274e-03,2.516631e+00,75.16,1.1
NCI1,SparseRng,0.1,3.590345e-03,2.445723e+00,75.16,1.1
NCI1,SparseRng,0.1,3.503799e-03,2.423984e+00,75.16,1.1
NCI1,SparseRng,0.1,3.738642e-03,2.467662e+00,75.16,1.1
NCI1,SparseRng,0.1,3.494501e-03,2.429602e+00,75.16,1.1
NCI1,SparseRng,0.1,3.568411e-03,2.435359e+00,75.16,1.1
NCI1,SparseRng,0.1,3.567457e-03,2.433094e+00,75.16,1.1
NCI1,SparseRng,0.1,3.721714e-03,2.768189e+00,75.16,1.1
NCI1,SparseRng,0.2,3.540754e-03,2.394908e+00,74.28,1.25
NCI1,SparseRng,0.2,5.583286e-03,2.516584e+00,74.28,1.25
NCI1,SparseRng,0.2,6.622553e-03,2.467927e+00,74.28,1.25
NCI1,SparseRng,0.2,3.643990e-03,2.373575e+00,74.28,1.25
NCI1,SparseRng,0.2,3.581762e-03,2.509973e+00,74.28,1.25
NCI1,SparseRng,0.2,3.550053e-03,2.406819e+00,74.28,1.25
NCI1,SparseRng,0.2,4.173517e-03,2.488972e+00,74.28,1.25
NCI1,SparseRng,0.2,3.567457e-03,2.409102e+00,74.28,1.25
NCI1,SparseRng,0.2,3.604174e-03,2.581434e+00,74.28,1.25
NCI1,SparseRng,0.2,3.525257e-03,2.434392e+00,74.28,1.25
NCI1,SparseRng,0.3,3.661871e-03,2.350660e+00,74.65,0.92
NCI1,SparseRng,0.3,5.622387e-03,2.490658e+00,74.65,0.92
NCI1,SparseRng,0.3,5.800009e-03,2.480511e+00,74.65,0.92
NCI1,SparseRng,0.3,3.493071e-03,2.389174e+00,74.65,0.92
NCI1,SparseRng,0.3,3.647089e-03,2.422346e+00,74.65,0.92
NCI1,SparseRng,0.3,3.530741e-03,2.388828e+00,74.65,0.92
NCI1,SparseRng,0.3,3.541946e-03,2.451377e+00,74.65,0.92
NCI1,SparseRng,0.3,3.576517e-03,2.387400e+00,74.65,0.92
NCI1,SparseRng,0.3,3.530502e-03,2.425680e+00,74.65,0.92
NCI1,SparseRng,0.3,3.637075e-03,2.469188e+00,74.65,0.92
NCI1,SparseRng,0.4,3.579617e-03,2.307086e+00,74.43,1.24
NCI1,SparseRng,0.4,5.823135e-03,2.418962e+00,74.43,1.24
NCI1,SparseRng,0.4,4.482269e-03,2.380005e+00,74.43,1.24
NCI1,SparseRng,0.4,3.446579e-03,2.310843e+00,74.43,1.24
NCI1,SparseRng,0.4,3.453732e-03,2.334838e+00,74.43,1.24
NCI1,SparseRng,0.4,3.486633e-03,2.289746e+00,74.43,1.24
NCI1,SparseRng,0.4,3.521204e-03,2.375085e+00,74.43,1.24
NCI1,SparseRng,0.4,3.440619e-03,2.294199e+00,74.43,1.24
NCI1,SparseRng,0.4,3.521919e-03,2.305015e+00,74.43,1.24
NCI1,SparseRng,0.4,3.604650e-03,2.307644e+00,74.43,1.24
NCI1,SparseRng,0.5,3.615379e-03,2.244012e+00,74.28,1.23
NCI1,SparseRng,0.5,6.241560e-03,2.387442e+00,74.28,1.23
NCI1,SparseRng,0.5,6.077766e-03,2.396454e+00,74.28,1.23
NCI1,SparseRng,0.5,3.674269e-03,2.292163e+00,74.28,1.23
NCI1,SparseRng,0.5,3.530741e-03,2.296531e+00,74.28,1.23
NCI1,SparseRng,0.5,3.616810e-03,2.362045e+00,74.28,1.23
NCI1,SparseRng,0.5,3.654003e-03,2.346743e+00,74.28,1.23
NCI1,SparseRng,0.5,3.740072e-03,2.284065e+00,74.28,1.23
NCI1,SparseRng,0.5,3.497601e-03,2.265111e+00,74.28,1.23
NCI1,SparseRng,0.5,3.645897e-03,2.260291e+00,74.28,1.23
NCI1,SparseRng,0.6,3.710032e-03,2.205087e+00,73.26,1.35
NCI1,SparseRng,0.6,5.675077e-03,2.351315e+00,73.26,1.35
NCI1,SparseRng,0.6,4.545450e-03,2.281023e+00,73.26,1.35
NCI1,SparseRng,0.6,3.565311e-03,2.204615e+00,73.26,1.35
NCI1,SparseRng,0.6,3.816605e-03,2.223459e+00,73.26,1.35
NCI1,SparseRng,0.6,3.814459e-03,2.273522e+00,73.26,1.35
NCI1,SparseRng,0.6,3.793001e-03,2.293839e+00,73.26,1.35
NCI1,SparseRng,0.6,3.533602e-03,2.212775e+00,73.26,1.35
NCI1,SparseRng,0.6,3.505707e-03,2.219168e+00,73.26,1.35
NCI1,SparseRng,0.6,3.483534e-03,2.251229e+00,73.26,1.35
NCI1,SparseRng,0.7,3.570795e-03,2.172074e+00,71.63,2.43
NCI1,SparseRng,0.7,6.518126e-03,2.260163e+00,71.63,2.43
NCI1,SparseRng,0.7,6.213665e-03,2.349607e+00,71.63,2.43
NCI1,SparseRng,0.7,3.608227e-03,2.290771e+00,71.63,2.43
NCI1,SparseRng,0.7,3.710508e-03,2.235238e+00,71.63,2.43
NCI1,SparseRng,0.7,3.571510e-03,2.198598e+00,71.63,2.43
NCI1,SparseRng,0.7,3.614902e-03,2.262879e+00,71.63,2.43
NCI1,SparseRng,0.7,3.544807e-03,2.166795e+00,71.63,2.43
NCI1,SparseRng,0.7,3.890753e-03,2.167934e+00,71.63,2.43
NCI1,SparseRng,0.7,3.536940e-03,2.192275e+00,71.63,2.43
NCI1,SparseRng,0.8,3.762960e-03,2.115611e+00,70.12,2.08
NCI1,SparseRng,0.8,5.067110e-03,2.194905e+00,70.12,2.08
NCI1,SparseRng,0.8,5.585194e-03,2.237168e+00,70.12,2.08
NCI1,SparseRng,0.8,3.691435e-03,2.163300e+00,70.12,2.08
NCI1,SparseRng,0.8,3.613472e-03,2.153592e+00,70.12,2.08
NCI1,SparseRng,0.8,3.611088e-03,2.142859e+00,70.12,2.08
NCI1,SparseRng,0.8,3.489256e-03,2.204551e+00,70.12,2.08
NCI1,SparseRng,0.8,3.743887e-03,2.161702e+00,70.12,2.08
NCI1,SparseRng,0.8,3.566027e-03,2.155585e+00,70.12,2.08
NCI1,SparseRng,0.8,3.607512e-03,2.200269e+00,70.12,2.08
NCI1,SparseRng,0.9,3.590345e-03,2.054923e+00,62.48,1.5
NCI1,SparseRng,0.9,6.735802e-03,2.245729e+00,62.48,1.5
NCI1,SparseRng,0.9,6.739855e-03,2.221458e+00,62.48,1.5
NCI1,SparseRng,0.9,3.573656e-03,2.111467e+00,62.48,1.5
NCI1,SparseRng,0.9,3.761053e-03,2.152229e+00,62.48,1.5
NCI1,SparseRng,0.9,3.550291e-03,2.061164e+00,62.48,1.5
NCI1,SparseRng,0.9,3.567934e-03,2.109734e+00,62.48,1.5
NCI1,SparseRng,0.9,3.511667e-03,2.173962e+00,62.48,1.5
NCI1,SparseRng,0.9,3.573656e-03,2.109068e+00,62.48,1.5
NCI1,SparseRng,0.9,3.601313e-03,2.138022e+00,62.48,1.5
NCI1,SparseRng,0.95,3.590822e-03,2.138836e+00,62.58,1.43
NCI1,SparseRng,0.95,5.591154e-03,2.198532e+00,62.58,1.43
NCI1,SparseRng,0.95,4.211187e-03,2.171506e+00,62.58,1.43
NCI1,SparseRng,0.95,3.679276e-03,2.082903e+00,62.58,1.43
NCI1,SparseRng,0.95,3.558397e-03,2.088088e+00,62.58,1.43
NCI1,SparseRng,0.95,3.643990e-03,2.078442e+00,62.58,1.43
NCI1,SparseRng,0.95,3.627062e-03,2.059505e+00,62.58,1.43
NCI1,SparseRng,0.95,3.525019e-03,2.152640e+00,62.58,1.43
NCI1,SparseRng,0.95,3.480434e-03,2.026685e+00,62.58,1.43
NCI1,SparseRng,0.95,3.634453e-03,2.122334e+00,62.58,1.43
NCI1,SparseRng,0.98,3.552914e-03,2.191469e+00,62.17,1.48
NCI1,SparseRng,0.98,6.403208e-03,2.106357e+00,62.17,1.48
NCI1,SparseRng,0.98,5.921841e-03,2.153393e+00,62.17,1.48
NCI1,SparseRng,0.98,3.584385e-03,2.060227e+00,62.17,1.48
NCI1,SparseRng,0.98,3.485918e-03,2.088322e+00,62.17,1.48
NCI1,SparseRng,0.98,3.823519e-03,2.090891e+00,62.17,1.48
NCI1,SparseRng,0.98,3.618002e-03,2.062979e+00,62.17,1.48
NCI1,SparseRng,0.98,3.729105e-03,2.156645e+00,62.17,1.48
NCI1,SparseRng,0.98,3.573895e-03,2.067154e+00,62.17,1.48
NCI1,SparseRng,0.98,3.481388e-03,2.077057e+00,62.17,1.48
PROTEINS_full,SparseRng,0.02,1.681566e-03,9.200389e-01,74.12,4.0
PROTEINS_full,SparseRng,0.02,6.214142e-03,8.562064e-01,74.12,4.0
PROTEINS_full,SparseRng,0.02,5.900860e-03,8.397975e-01,74.12,4.0
PROTEINS_full,SparseRng,0.02,1.912832e-03,8.769763e-01,74.12,4.0
PROTEINS_full,SparseRng,0.02,2.083540e-03,8.054383e-01,74.12,4.0
PROTEINS_full,SparseRng,0.02,1.834154e-03,8.643870e-01,74.12,4.0
PROTEINS_full,SparseRng,0.02,1.976252e-03,8.047647e-01,74.12,4.0
PROTEINS_full,SparseRng,0.02,1.828909e-03,8.680739e-01,74.12,4.0
PROTEINS_full,SparseRng,0.02,1.792908e-03,8.089874e-01,74.12,4.0
PROTEINS_full,SparseRng,0.02,1.902103e-03,8.820050e-01,74.12,4.0
PROTEINS_full,SparseRng,0.05,1.805067e-03,8.204007e-01,74.04,3.32
PROTEINS_full,SparseRng,0.05,5.942345e-03,8.573518e-01,74.04,3.32
PROTEINS_full,SparseRng,0.05,5.956888e-03,8.558815e-01,74.04,3.32
PROTEINS_full,SparseRng,0.05,1.731157e-03,9.049649e-01,74.04,3.32
PROTEINS_full,SparseRng,0.05,1.946211e-03,8.288217e-01,74.04,3.32
PROTEINS_full,SparseRng,0.05,1.805067e-03,8.918664e-01,74.04,3.32
PROTEINS_full,SparseRng,0.05,1.827717e-03,8.284986e-01,74.04,3.32
PROTEINS_full,SparseRng,0.05,1.781464e-03,8.560929e-01,74.04,3.32
PROTEINS_full,SparseRng,0.05,1.761913e-03,9.149232e-01,74.04,3.32
PROTEINS_full,SparseRng,0.05,1.784325e-03,8.292105e-01,74.04,3.32
PROTEINS_full,SparseRng,0.1,1.760721e-03,8.837371e-01,73.5,2.42
PROTEINS_full,SparseRng,0.1,6.053686e-03,8.417654e-01,73.5,2.42
PROTEINS_full,SparseRng,0.1,5.995750e-03,8.415833e-01,73.5,2.42
PROTEINS_full,SparseRng,0.1,1.746893e-03,8.874013e-01,73.5,2.42
PROTEINS_full,SparseRng,0.1,1.904964e-03,8.138175e-01,73.5,2.42
PROTEINS_full,SparseRng,0.1,1.883745e-03,8.140333e-01,73.5,2.42
PROTEINS_full,SparseRng,0.1,1.784325e-03,8.730397e-01,73.5,2.42
PROTEINS_full,SparseRng,0.1,1.846313e-03,8.710172e-01,73.5,2.42
PROTEINS_full,SparseRng,0.1,1.818180e-03,8.151448e-01,73.5,2.42
PROTEINS_full,SparseRng,0.1,1.704931e-03,8.270314e-01,73.5,2.42
PROTEINS_full,SparseRng,0.2,1.799583e-03,8.577580e-01,73.23,2.57
PROTEINS_full,SparseRng,0.2,5.994320e-03,8.372266e-01,73.23,2.57
PROTEINS_full,SparseRng,0.2,5.903244e-03,8.234727e-01,73.23,2.57
PROTEINS_full,SparseRng,0.2,1.746655e-03,8.736825e-01,73.23,2.57
PROTEINS_full,SparseRng,0.2,2.043724e-03,7.997353e-01,73.23,2.57
PROTEINS_full,SparseRng,0.2,1.774311e-03,8.565164e-01,73.23,2.57
PROTEINS_full,SparseRng,0.2,1.925230e-03,8.180676e-01,73.23,2.57
PROTEINS_full,SparseRng,0.2,1.757860e-03,8.016927e-01,73.23,2.57
PROTEINS_full,SparseRng,0.2,1.742125e-03,8.549919e-01,73.23,2.57
PROTEINS_full,SparseRng,0.2,1.839638e-03,8.135631e-01,73.23,2.57
PROTEINS_full,SparseRng,0.3,1.843452e-03,8.327215e-01,74.67,2.2
PROTEINS_full,SparseRng,0.3,5.921841e-03,8.119013e-01,74.67,2.2
PROTEINS_full,SparseRng,0.3,6.089211e-03,8.386528e-01,74.67,2.2
PROTEINS_full,SparseRng,0.3,1.816750e-03,8.657427e-01,74.67,2.2
PROTEINS_full,SparseRng,0.3,1.751423e-03,7.940378e-01,74.67,2.2
PROTEINS_full,SparseRng,0.3,1.835346e-03,7.815306e-01,74.67,2.2
PROTEINS_full,SparseRng,0.3,1.770496e-03,8.291917e-01,74.67,2.2
PROTEINS_full,SparseRng,0.3,1.815557e-03,7.978365e-01,74.67,2.2
PROTEINS_full,SparseRng,0.3,1.863480e-03,8.339276e-01,74.67,2.2
PROTEINS_full,SparseRng,0.3,1.782894e-03,7.883542e-01,74.67,2.2
PROTEINS_full,SparseRng,0.4,1.842022e-03,8.154030e-01,73.23,2.17
PROTEINS_full,SparseRng,0.4,6.209373e-03,7.940927e-01,73.23,2.17
PROTEINS_full,SparseRng,0.4,6.059647e-03,8.277354e-01,73.23,2.17
PROTEINS_full,SparseRng,0.4,1.788855e-03,8.314340e-01,73.23,2.17
PROTEINS_full,SparseRng,0.4,1.912117e-03,7.589324e-01,73.23,2.17
PROTEINS_full,SparseRng,0.4,1.783609e-03,7.588220e-01,73.23,2.17
PROTEINS_full,SparseRng,0.4,1.801729e-03,8.285499e-01,73.23,2.17
PROTEINS_full,SparseRng,0.4,1.774311e-03,7.987769e-01,73.23,2.17
PROTEINS_full,SparseRng,0.4,1.852036e-03,8.301716e-01,73.23,2.17
PROTEINS_full,SparseRng,0.4,1.782894e-03,7.833943e-01,73.23,2.17
PROTEINS_full,SparseRng,0.5,1.804352e-03,7.950923e-01,73.14,3.15
PROTEINS_full,SparseRng,0.5,6.184578e-03,7.562652e-01,73.14,3.15
PROTEINS_full,SparseRng,0.5,6.016493e-03,7.404819e-01,73.14,3.15
PROTEINS_full,SparseRng,0.5,1.764297e-03,7.875466e-01,73.14,3.15
PROTEINS_full,SparseRng,0.5,1.746178e-03,7.135582e-01,73.14,3.15
PROTEINS_full,SparseRng,0.5,1.780510e-03,7.144082e-01,73.14,3.15
PROTEINS_full,SparseRng,0.5,1.862764e-03,7.701905e-01,73.14,3.15
PROTEINS_full,SparseRng,0.5,1.771450e-03,7.201712e-01,73.14,3.15
PROTEINS_full,SparseRng,0.5,1.813173e-03,7.705832e-01,73.14,3.15
PROTEINS_full,SparseRng,0.5,2.101898e-03,7.125981e-01,73.14,3.15
PROTEINS_full,SparseRng,0.6,1.766920e-03,6.907215e-01,72.69,1.97
PROTEINS_full,SparseRng,0.6,5.957842e-03,7.034059e-01,72.69,1.97
PROTEINS_full,SparseRng,0.6,5.985022e-03,7.017543e-01,72.69,1.97
PROTEINS_full,SparseRng,0.6,1.807928e-03,6.922851e-01,72.69,1.97
PROTEINS_full,SparseRng,0.6,1.795292e-03,7.533493e-01,72.69,1.97
PROTEINS_full,SparseRng,0.6,1.804113e-03,6.724892e-01,72.69,1.97
PROTEINS_full,SparseRng,0.6,1.815557e-03,7.308831e-01,72.69,1.97
PROTEINS_full,SparseRng,0.6,1.764059e-03,6.735315e-01,72.69,1.97
PROTEINS_full,SparseRng,0.6,1.757622e-03,6.778252e-01,72.69,1.97
PROTEINS_full,SparseRng,0.6,1.916170e-03,7.480850e-01,72.69,1.97
PROTEINS_full,SparseRng,0.7,1.743317e-03,6.551602e-01,72.96,2.82
PROTEINS_full,SparseRng,0.7,6.136179e-03,6.814201e-01,72.96,2.82
PROTEINS_full,SparseRng,0.7,6.057024e-03,6.754847e-01,72.96,2.82
PROTEINS_full,SparseRng,0.7,1.701355e-03,6.673007e-01,72.96,2.82
PROTEINS_full,SparseRng,0.7,1.801968e-03,7.070689e-01,72.96,2.82
PROTEINS_full,SparseRng,0.7,1.780272e-03,6.563880e-01,72.96,2.82
PROTEINS_full,SparseRng,0.7,1.809359e-03,7.104180e-01,72.96,2.82
PROTEINS_full,SparseRng,0.7,1.790762e-03,6.514287e-01,72.96,2.82
PROTEINS_full,SparseRng,0.7,1.852751e-03,6.708734e-01,72.96,2.82
PROTEINS_full,SparseRng,0.7,1.775742e-03,7.187011e-01,72.96,2.82
PROTEINS_full,SparseRng,0.8,1.805305e-03,6.337507e-01,73.67,2.99
PROTEINS_full,SparseRng,0.8,5.872011e-03,6.422722e-01,73.67,2.99
PROTEINS_full,SparseRng,0.8,5.983829e-03,6.563678e-01,73.67,2.99
PROTEINS_full,SparseRng,0.8,1.783371e-03,6.449919e-01,73.67,2.99
PROTEINS_full,SparseRng,0.8,1.716852e-03,6.663923e-01,73.67,2.99
PROTEINS_full,SparseRng,0.8,1.691341e-03,6.083894e-01,73.67,2.99
PROTEINS_full,SparseRng,0.8,1.878500e-03,6.622970e-01,73.67,2.99
PROTEINS_full,SparseRng,0.8,1.686811e-03,6.099067e-01,73.67,2.99
PROTEINS_full,SparseRng,0.8,1.770735e-03,6.094968e-01,73.67,2.99
PROTEINS_full,SparseRng,0.8,1.811981e-03,6.614292e-01,73.67,2.99
PROTEINS_full,SparseRng,0.9,1.769543e-03,5.722969e-01,69.55,5.2
PROTEINS_full,SparseRng,0.9,5.970955e-03,6.219513e-01,69.55,5.2
PROTEINS_full,SparseRng,0.9,5.857944e-03,5.783868e-01,69.55,5.2
PROTEINS_full,SparseRng,0.9,1.922607e-03,5.914433e-01,69.55,5.2
PROTEINS_full,SparseRng,0.9,1.770496e-03,6.286209e-01,69.55,5.2
PROTEINS_full,SparseRng,0.9,1.778364e-03,5.750685e-01,69.55,5.2
PROTEINS_full,SparseRng,0.9,1.858711e-03,6.499119e-01,69.55,5.2
PROTEINS_full,SparseRng,0.9,1.732111e-03,5.775323e-01,69.55,5.2
PROTEINS_full,SparseRng,0.9,1.841784e-03,5.749142e-01,69.55,5.2
PROTEINS_full,SparseRng,0.9,1.703501e-03,6.304517e-01,69.55,5.2
PROTEINS_full,SparseRng,0.95,1.720667e-03,5.527811e-01,67.03,4.6
PROTEINS_full,SparseRng,0.95,6.019592e-03,5.949504e-01,67.03,4.6
PROTEINS_full,SparseRng,0.95,6.193876e-03,6.042440e-01,67.03,4.6
PROTEINS_full,SparseRng,0.95,1.965284e-03,5.817590e-01,67.03,4.6
PROTEINS_full,SparseRng,0.95,1.786232e-03,6.451750e-01,67.03,4.6
PROTEINS_full,SparseRng,0.95,1.817226e-03,5.661538e-01,67.03,4.6
PROTEINS_full,SparseRng,0.95,1.721382e-03,6.212182e-01,67.03,4.6
PROTEINS_full,SparseRng,0.95,1.692533e-03,5.635931e-01,67.03,4.6
PROTEINS_full,SparseRng,0.95,1.884937e-03,5.657358e-01,67.03,4.6
PROTEINS_full,SparseRng,0.95,1.815557e-03,5.643570e-01,67.03,4.6
PROTEINS_full,SparseRng,0.98,1.856804e-03,6.091115e-01,67.57,3.33
PROTEINS_full,SparseRng,0.98,5.939007e-03,5.756803e-01,67.57,3.33
PROTEINS_full,SparseRng,0.98,5.918503e-03,5.761220e-01,67.57,3.33
PROTEINS_full,SparseRng,0.98,1.741648e-03,5.568478e-01,67.57,3.33
PROTEINS_full,SparseRng,0.98,1.748085e-03,6.041491e-01,67.57,3.33
PROTEINS_full,SparseRng,0.98,1.761913e-03,5.474858e-01,67.57,3.33
PROTEINS_full,SparseRng,0.98,1.697779e-03,5.425093e-01,67.57,3.33
PROTEINS_full,SparseRng,0.98,1.718998e-03,6.259606e-01,67.57,3.33
PROTEINS_full,SparseRng,0.98,1.814127e-03,5.424337e-01,67.57,3.33
PROTEINS_full,SparseRng,0.98,1.842976e-03,6.019161e-01,67.57,3.33
ENZYMES,SparseRng,0.02,1.043081e-03,3.919213e-01,38.17,6.3
ENZYMES,SparseRng,0.02,4.092455e-03,4.356668e-01,38.17,6.3
ENZYMES,SparseRng,0.02,4.063368e-03,4.291971e-01,38.17,6.3
ENZYMES,SparseRng,0.02,1.008987e-03,3.941739e-01,38.17,6.3
ENZYMES,SparseRng,0.02,1.045465e-03,4.233871e-01,38.17,6.3
ENZYMES,SparseRng,0.02,1.041651e-03,4.020076e-01,38.17,6.3
ENZYMES,SparseRng,0.02,1.063585e-03,4.562783e-01,38.17,6.3
ENZYMES,SparseRng,0.02,1.016140e-03,3.965495e-01,38.17,6.3
ENZYMES,SparseRng,0.02,9.787083e-04,3.953645e-01,38.17,6.3
ENZYMES,SparseRng,0.02,9.598732e-04,3.920097e-01,38.17,6.3
ENZYMES,SparseRng,0.05,1.031876e-03,3.982856e-01,41.0,5.39
ENZYMES,SparseRng,0.05,9.465218e-04,4.118316e-01,41.0,5.39
ENZYMES,SparseRng,0.05,4.062891e-03,4.378049e-01,41.0,5.39
ENZYMES,SparseRng,0.05,1.003742e-03,4.049957e-01,41.0,5.39
ENZYMES,SparseRng,0.05,1.098394e-03,4.169984e-01,41.0,5.39
ENZYMES,SparseRng,0.05,9.875298e-04,4.008710e-01,41.0,5.39
ENZYMES,SparseRng,0.05,9.791851e-04,4.572411e-01,41.0,5.39
ENZYMES,SparseRng,0.05,1.049519e-03,3.991921e-01,41.0,5.39
ENZYMES,SparseRng,0.05,1.056433e-03,4.196880e-01,41.0,5.39
ENZYMES,SparseRng,0.05,9.949207e-04,4.016452e-01,41.0,5.39
ENZYMES,SparseRng,0.1,1.095772e-03,4.005914e-01,39.67,5.47
ENZYMES,SparseRng,0.1,4.028559e-03,4.229748e-01,39.67,5.47
ENZYMES,SparseRng,0.1,3.993988e-03,4.232764e-01,39.67,5.47
ENZYMES,SparseRng,0.1,1.129150e-03,4.178298e-01,39.67,5.47
ENZYMES,SparseRng,0.1,1.025677e-03,4.068837e-01,39.67,5.47
ENZYMES,SparseRng,0.1,9.844303e-04,3.991506e-01,39.67,5.47
ENZYMES,SparseRng,0.1,9.810925e-04,4.539535e-01,39.67,5.47
ENZYMES,SparseRng,0.1,1.100540e-03,3.990903e-01,39.67,5.47
ENZYMES,SparseRng,0.1,1.015902e-03,3.989797e-01,39.67,5.47
ENZYMES,SparseRng,0.1,9.880066e-04,3.982310e-01,39.67,5.47
ENZYMES,SparseRng,0.2,1.051903e-03,4.485555e-01,40.83,5.97
ENZYMES,SparseRng,0.2,3.999710e-03,4.212894e-01,40.83,5.97
ENZYMES,SparseRng,0.2,3.967524e-03,4.202328e-01,40.83,5.97
ENZYMES,SparseRng,0.2,9.641647e-04,3.865700e-01,40.83,5.97
ENZYMES,SparseRng,0.2,1.067638e-03,4.020228e-01,40.83,5.97
ENZYMES,SparseRng,0.2,9.977818e-04,3.874447e-01,40.83,5.97
ENZYMES,SparseRng,0.2,9.956360e-04,4.414644e-01,40.83,5.97
ENZYMES,SparseRng,0.2,1.023531e-03,3.865294e-01,40.83,5.97
ENZYMES,SparseRng,0.2,9.927750e-04,3.873150e-01,40.83,5.97
ENZYMES,SparseRng,0.2,1.027822e-03,3.857093e-01,40.83,5.97
ENZYMES,SparseRng,0.3,1.028299e-03,3.789809e-01,39.17,7.24
ENZYMES,SparseRng,0.3,4.059076e-03,4.368734e-01,39.17,7.24
ENZYMES,SparseRng,0.3,4.029989e-03,4.143915e-01,39.17,7.24
ENZYMES,SparseRng,0.3,1.001120e-03,3.835607e-01,39.17,7.24
ENZYMES,SparseRng,0.3,1.065254e-03,3.993311e-01,39.17,7.24
ENZYMES,SparseRng,0.3,1.032352e-03,3.934331e-01,39.17,7.24
ENZYMES,SparseRng,0.3,1.024246e-03,4.431796e-01,39.17,7.24
ENZYMES,SparseRng,0.3,1.019239e-03,3.893192e-01,39.17,7.24
ENZYMES,SparseRng,0.3,9.846687e-04,3.877020e-01,39.17,7.24
ENZYMES,SparseRng,0.3,9.865761e-04,3.879690e-01,39.17,7.24
ENZYMES,SparseRng,0.4,1.001596e-03,3.975139e-01,40.33,5.67
ENZYMES,SparseRng,0.4,4.007101e-03,4.015651e-01,40.33,5.67
ENZYMES,SparseRng,0.4,4.083395e-03,4.102559e-01,40.33,5.67
ENZYMES,SparseRng,0.4,9.920597e-04,3.786018e-01,40.33,5.67
ENZYMES,SparseRng,0.4,1.069069e-03,4.294066e-01,40.33,5.67
ENZYMES,SparseRng,0.4,1.015663e-03,3.801138e-01,40.33,5.67
ENZYMES,SparseRng,0.4,9.691715e-04,4.268544e-01,40.33,5.67
ENZYMES,SparseRng,0.4,9.884834e-04,3.731294e-01,40.33,5.67
ENZYMES,SparseRng,0.4,9.853840e-04,3.706870e-01,40.33,5.67
ENZYMES,SparseRng,0.4,9.829998e-04,3.719544e-01,40.33,5.67
ENZYMES,SparseRng,0.5,1.008511e-03,3.582950e-01,39.83,8.38
ENZYMES,SparseRng,0.5,4.119635e-03,3.972979e-01,39.83,8.38
ENZYMES,SparseRng,0.5,4.006386e-03,3.897002e-01,39.83,8.38
ENZYMES,SparseRng,0.5,9.999275e-04,3.625844e-01,39.83,8.38
ENZYMES,SparseRng,0.5,9.884834e-04,3.800640e-01,39.83,8.38
ENZYMES,SparseRng,0.5,1.017332e-03,3.588367e-01,39.83,8.38
ENZYMES,SparseRng,0.5,1.034975e-03,4.137011e-01,39.83,8.38
ENZYMES,SparseRng,0.5,1.012087e-03,3.694701e-01,39.83,8.38
ENZYMES,SparseRng,0.5,9.698868e-04,3.568254e-01,39.83,8.38
ENZYMES,SparseRng,0.5,1.096487e-03,3.573065e-01,39.83,8.38
ENZYMES,SparseRng,0.6,9.686947e-04,3.455791e-01,40.83,7.31
ENZYMES,SparseRng,0.6,4.031181e-03,4.079998e-01,40.83,7.31
ENZYMES,SparseRng,0.6,2.285957e-03,3.734338e-01,40.83,7.31
ENZYMES,SparseRng,0.6,9.753704e-04,3.521986e-01,40.83,7.31
ENZYMES,SparseRng,0.6,9.770393e-04,3.634477e-01,40.83,7.31
ENZYMES,SparseRng,0.6,1.001835e-03,3.514819e-01,40.83,7.31
ENZYMES,SparseRng,0.6,1.226664e-03,4.038422e-01,40.83,7.31
ENZYMES,SparseRng,0.6,1.095057e-03,3.532996e-01,40.83,7.31
ENZYMES,SparseRng,0.6,9.772778e-04,3.506947e-01,40.83,7.31
ENZYMES,SparseRng,0.6,9.772778e-04,3.519266e-01,40.83,7.31
ENZYMES,SparseRng,0.7,9.772778e-04,3.406637e-01,35.33,6.98
ENZYMES,SparseRng,0.7,4.080772e-03,3.704276e-01,35.33,6.98
ENZYMES,SparseRng,0.7,3.993034e-03,3.749673e-01,35.33,6.98
ENZYMES,SparseRng,0.7,9.610653e-04,3.538189e-01,35.33,6.98
ENZYMES,SparseRng,0.7,1.028061e-03,3.474021e-01,35.33,6.98
ENZYMES,SparseRng,0.7,1.060247e-03,3.334329e-01,35.33,6.98
ENZYMES,SparseRng,0.7,9.915829e-04,3.898106e-01,35.33,6.98
ENZYMES,SparseRng,0.7,9.908676e-04,3.326635e-01,35.33,6.98
ENZYMES,SparseRng,0.7,9.586811e-04,3.327427e-01,35.33,6.98
ENZYMES,SparseRng,0.7,1.027346e-03,3.332210e-01,35.33,6.98
ENZYMES,SparseRng,0.8,9.799004e-04,3.179312e-01,40.33,7.56
ENZYMES,SparseRng,0.8,4.110575e-03,3.754783e-01,40.33,7.56
ENZYMES,SparseRng,0.8,4.116774e-03,3.609774e-01,40.33,7.56
ENZYMES,SparseRng,0.8,9.660721e-04,3.212631e-01,40.33,7.56
ENZYMES,SparseRng,0.8,9.672642e-04,3.204768e-01,40.33,7.56
ENZYMES,SparseRng,0.8,1.076937e-03,3.291888e-01,40.33,7.56
ENZYMES,SparseRng,0.8,9.806156e-04,3.843935e-01,40.33,7.56
ENZYMES,SparseRng,0.8,1.017570e-03,3.227260e-01,40.33,7.56
ENZYMES,SparseRng,0.8,1.076937e-03,3.215058e-01,40.33,7.56
ENZYMES,SparseRng,0.8,1.014233e-03,3.248286e-01,40.33,7.56
ENZYMES,SparseRng,0.9,1.000404e-03,3.030674e-01,41.0,7.42
ENZYMES,SparseRng,0.9,3.989220e-03,3.365419e-01,41.0,7.42
ENZYMES,SparseRng,0.9,1.165867e-03,3.163142e-01,41.0,7.42
ENZYMES,SparseRng,0.9,9.560585e-04,3.025618e-01,41.0,7.42
ENZYMES,SparseRng,0.9,9.894371e-04,3.027053e-01,41.0,7.42
ENZYMES,SparseRng,0.9,1.019716e-03,3.249915e-01,41.0,7.42
ENZYMES,SparseRng,0.9,1.134157e-03,3.844218e-01,41.0,7.42
ENZYMES,SparseRng,0.9,1.010895e-03,3.032165e-01,41.0,7.42
ENZYMES,SparseRng,0.9,1.068830e-03,3.045955e-01,41.0,7.42
ENZYMES,SparseRng,0.9,1.069307e-03,3.026099e-01,41.0,7.42
ENZYMES,SparseRng,0.95,9.658337e-04,2.952332e-01,34.0,5.83
ENZYMES,SparseRng,0.95,4.038095e-03,3.063536e-01,34.0,5.83
ENZYMES,SparseRng,0.95,4.001379e-03,3.352461e-01,34.0,5.83
ENZYMES,SparseRng,0.95,9.906292e-04,3.014538e-01,34.0,5.83
ENZYMES,SparseRng,0.95,1.044273e-03,3.001332e-01,34.0,5.83
ENZYMES,SparseRng,0.95,1.059771e-03,3.144257e-01,34.0,5.83
ENZYMES,SparseRng,0.95,9.586811e-04,3.567579e-01,34.0,5.83
ENZYMES,SparseRng,0.95,1.004219e-03,3.002350e-01,34.0,5.83
ENZYMES,SparseRng,0.95,9.734631e-04,3.009086e-01,34.0,5.83
ENZYMES,SparseRng,0.95,9.839535e-04,2.999609e-01,34.0,5.83
ENZYMES,SparseRng,0.98,1.024246e-03,2.950931e-01,25.33,6.82
ENZYMES,SparseRng,0.98,4.112720e-03,3.271594e-01,25.33,6.82
ENZYMES,SparseRng,0.98,4.021883e-03,3.288057e-01,25.33,6.82
ENZYMES,SparseRng,0.98,9.942055e-04,2.962923e-01,25.33,6.82
ENZYMES,SparseRng,0.98,1.037598e-03,2.942727e-01,25.33,6.82
ENZYMES,SparseRng,0.98,1.022577e-03,3.133357e-01,25.33,6.82
ENZYMES,SparseRng,0.98,9.570122e-04,2.903306e-01,25.33,6.82
ENZYMES,SparseRng,0.98,9.524822e-04,3.453808e-01,25.33,6.82
ENZYMES,SparseRng,0.98,1.374483e-03,2.924576e-01,25.33,6.82
ENZYMES,SparseRng,0.98,9.653568e-04,2.913852e-01,25.33,6.82
IMDB-BINARY,SparseRng,0.02,1.010895e-03,6.657150e-01,73.2,4.96
IMDB-BINARY,SparseRng,0.02,4.322290e-03,7.083001e-01,73.2,4.96
IMDB-BINARY,SparseRng,0.02,4.253626e-03,7.064896e-01,73.2,4.96
IMDB-BINARY,SparseRng,0.02,1.043558e-03,7.414970e-01,73.2,4.96
IMDB-BINARY,SparseRng,0.02,1.138449e-03,6.663473e-01,73.2,4.96
IMDB-BINARY,SparseRng,0.02,1.186609e-03,6.771965e-01,73.2,4.96
IMDB-BINARY,SparseRng,0.02,1.063347e-03,7.327805e-01,73.2,4.96
IMDB-BINARY,SparseRng,0.02,1.045465e-03,6.751235e-01,73.2,4.96
IMDB-BINARY,SparseRng,0.02,1.045942e-03,7.229147e-01,73.2,4.96
IMDB-BINARY,SparseRng,0.02,1.025438e-03,6.740646e-01,73.2,4.96
IMDB-BINARY,SparseRng,0.05,1.095057e-03,7.572501e-01,74.2,6.34
IMDB-BINARY,SparseRng,0.05,4.267454e-03,7.172580e-01,74.2,6.34
IMDB-BINARY,SparseRng,0.05,4.828453e-03,7.556074e-01,74.2,6.34
IMDB-BINARY,SparseRng,0.05,1.027346e-03,7.456324e-01,74.2,6.34
IMDB-BINARY,SparseRng,0.05,1.094818e-03,6.832094e-01,74.2,6.34
IMDB-BINARY,SparseRng,0.05,1.045465e-03,6.839252e-01,74.2,6.34
IMDB-BINARY,SparseRng,0.05,1.039267e-03,7.529030e-01,74.2,6.34
IMDB-BINARY,SparseRng,0.05,1.059055e-03,6.864135e-01,74.2,6.34
IMDB-BINARY,SparseRng,0.05,1.110554e-03,7.440259e-01,74.2,6.34
IMDB-BINARY,SparseRng,0.05,1.111507e-03,6.845467e-01,74.2,6.34
IMDB-BINARY,SparseRng,0.1,1.130581e-03,7.431197e-01,73.3,5.81
IMDB-BINARY,SparseRng,0.1,4.276037e-03,7.196136e-01,73.3,5.81
IMDB-BINARY,SparseRng,0.1,4.228115e-03,7.073457e-01,73.3,5.81
IMDB-BINARY,SparseRng,0.1,1.018047e-03,7.435892e-01,73.3,5.81
IMDB-BINARY,SparseRng,0.1,1.143456e-03,6.759839e-01,73.3,5.81
IMDB-BINARY,SparseRng,0.1,1.074314e-03,6.769116e-01,73.3,5.81
IMDB-BINARY,SparseRng,0.1,1.115799e-03,7.523916e-01,73.3,5.81
IMDB-BINARY,SparseRng,0.1,1.071453e-03,6.692693e-01,73.3,5.81
IMDB-BINARY,SparseRng,0.1,1.116753e-03,7.270136e-01,73.3,5.81
IMDB-BINARY,SparseRng,0.1,1.093149e-03,6.734171e-01,73.3,5.81
IMDB-BINARY,SparseRng,0.2,1.123667e-03,6.791179e-01,74.9,5.43
IMDB-BINARY,SparseRng,0.2,4.278898e-03,6.896644e-01,74.9,5.43
IMDB-BINARY,SparseRng,0.2,1.150846e-03,6.691511e-01,74.9,5.43
IMDB-BINARY,SparseRng,0.2,1.036644e-03,7.956100e-01,74.9,5.43
IMDB-BINARY,SparseRng,0.2,1.076460e-03,7.057252e-01,74.9,5.43
IMDB-BINARY,SparseRng,0.2,1.079798e-03,1.162184e+00,74.9,5.43
IMDB-BINARY,SparseRng,0.2,1.342535e-03,7.637556e-01,74.9,5.43
IMDB-BINARY,SparseRng,0.2,1.046896e-03,6.534998e-01,74.9,5.43
IMDB-BINARY,SparseRng,0.2,1.100540e-03,6.568701e-01,74.9,5.43
IMDB-BINARY,SparseRng,0.2,1.119614e-03,7.131755e-01,74.9,5.43
IMDB-BINARY,SparseRng,0.3,1.146317e-03,6.575902e-01,75.2,4.26
IMDB-BINARY,SparseRng,0.3,4.204988e-03,6.823180e-01,75.2,4.26
IMDB-BINARY,SparseRng,0.3,4.363775e-03,6.733253e-01,75.2,4.26
IMDB-BINARY,SparseRng,0.3,1.063108e-03,7.214301e-01,75.2,4.26
IMDB-BINARY,SparseRng,0.3,1.063108e-03,6.430650e-01,75.2,4.26
IMDB-BINARY,SparseRng,0.3,1.062155e-03,6.523747e-01,75.2,4.26
IMDB-BINARY,SparseRng,0.3,1.031160e-03,7.030993e-01,75.2,4.26
IMDB-BINARY,SparseRng,0.3,1.216173e-03,6.414592e-01,75.2,4.26
IMDB-BINARY,SparseRng,0.3,1.035452e-03,6.418788e-01,75.2,4.26
IMDB-BINARY,SparseRng,0.3,1.047611e-03,7.023704e-01,75.2,4.26
IMDB-BINARY,SparseRng,0.4,1.073599e-03,6.378055e-01,74.6,2.76
IMDB-BINARY,SparseRng,0.4,4.333258e-03,6.631687e-01,74.6,2.76
IMDB-BINARY,SparseRng,0.4,4.284382e-03,6.610572e-01,74.6,2.76
IMDB-BINARY,SparseRng,0.4,1.056194e-03,7.464762e-01,74.6,2.76
IMDB-BINARY,SparseRng,0.4,1.051426e-03,6.331570e-01,74.6,2.76
IMDB-BINARY,SparseRng,0.4,1.121044e-03,6.385052e-01,74.6,2.76
IMDB-BINARY,SparseRng,0.4,1.021862e-03,6.929026e-01,74.6,2.76
IMDB-BINARY,SparseRng,0.4,1.064539e-03,6.255851e-01,74.6,2.76
IMDB-BINARY,SparseRng,0.4,1.029491e-03,6.291742e-01,74.6,2.76
IMDB-BINARY,SparseRng,0.4,1.049280e-03,6.871178e-01,74.6,2.76
IMDB-BINARY,SparseRng,0.5,1.183033e-03,6.087043e-01,72.3,3.8
IMDB-BINARY,SparseRng,0.5,4.347324e-03,6.603715e-01,72.3,3.8
IMDB-BINARY,SparseRng,0.5,4.247189e-03,6.464822e-01,72.3,3.8
IMDB-BINARY,SparseRng,0.5,1.036644e-03,6.493003e-01,72.3,3.8
IMDB-BINARY,SparseRng,0.5,1.146317e-03,6.956992e-01,72.3,3.8
IMDB-BINARY,SparseRng,0.5,1.034975e-03,6.225603e-01,72.3,3.8
IMDB-BINARY,SparseRng,0.5,1.072645e-03,6.207750e-01,72.3,3.8
IMDB-BINARY,SparseRng,0.5,1.115322e-03,6.753569e-01,72.3,3.8
IMDB-BINARY,SparseRng,0.5,1.082420e-03,6.164448e-01,72.3,3.8
IMDB-BINARY,SparseRng,0.5,1.035929e-03,6.155589e-01,72.3,3.8
IMDB-BINARY,SparseRng,0.6,1.068115e-03,6.499801e-01,73.0,2.9
IMDB-BINARY,SparseRng,0.6,1.635075e-03,6.160254e-01,73.0,2.9
IMDB-BINARY,SparseRng,0.6,4.261494e-03,6.094306e-01,73.0,2.9
IMDB-BINARY,SparseRng,0.6,1.086235e-03,6.112473e-01,73.0,2.9
IMDB-BINARY,SparseRng,0.6,1.068830e-03,6.498709e-01,73.0,2.9
IMDB-BINARY,SparseRng,0.6,1.138210e-03,5.950801e-01,73.0,2.9
IMDB-BINARY,SparseRng,0.6,1.097202e-03,5.934188e-01,73.0,2.9
IMDB-BINARY,SparseRng,0.6,1.125097e-03,6.394577e-01,73.0,2.9
IMDB-BINARY,SparseRng,0.6,1.037836e-03,5.857551e-01,73.0,2.9
IMDB-BINARY,SparseRng,0.6,1.088858e-03,5.858619e-01,73.0,2.9
IMDB-BINARY,SparseRng,0.7,1.083374e-03,6.103892e-01,74.4,2.58
IMDB-BINARY,SparseRng,0.7,4.278183e-03,5.899713e-01,74.4,2.58
IMDB-BINARY,SparseRng,0.7,4.640579e-03,6.175900e-01,74.4,2.58
IMDB-BINARY,SparseRng,0.7,1.083851e-03,5.727437e-01,74.4,2.58
IMDB-BINARY,SparseRng,0.7,1.080751e-03,6.137848e-01,74.4,2.58
IMDB-BINARY,SparseRng,0.7,1.072884e-03,5.588539e-01,74.4,2.58
IMDB-BINARY,SparseRng,0.7,1.067638e-03,5.580926e-01,74.4,2.58
IMDB-BINARY,SparseRng,0.7,1.175165e-03,6.132982e-01,74.4,2.58
IMDB-BINARY,SparseRng,0.7,1.074314e-03,5.703380e-01,74.4,2.58
IMDB-BINARY,SparseRng,0.7,1.033783e-03,5.557163e-01,74.4,2.58
IMDB-BINARY,SparseRng,0.8,1.113415e-03,5.254018e-01,73.6,3.44
IMDB-BINARY,SparseRng,0.8,4.422903e-03,5.710917e-01,73.6,3.44
IMDB-BINARY,SparseRng,0.8,3.060102e-03,5.575449e-01,73.6,3.44
IMDB-BINARY,SparseRng,0.8,1.088619e-03,5.476744e-01,73.6,3.44
IMDB-BINARY,SparseRng,0.8,1.099586e-03,5.900695e-01,73.6,3.44
IMDB-BINARY,SparseRng,0.8,1.112223e-03,5.422890e-01,73.6,3.44
IMDB-BINARY,SparseRng,0.8,1.102209e-03,5.392385e-01,73.6,3.44
IMDB-BINARY,SparseRng,0.8,1.102924e-03,5.390649e-01,73.6,3.44
IMDB-BINARY,SparseRng,0.8,1.109123e-03,6.102152e-01,73.6,3.44
IMDB-BINARY,SparseRng,0.8,1.199484e-03,5.475109e-01,73.6,3.44
IMDB-BINARY,SparseRng,0.9,1.064539e-03,5.042191e-01,68.8,3.19
IMDB-BINARY,SparseRng,0.9,4.492044e-03,5.369937e-01,68.8,3.19
IMDB-BINARY,SparseRng,0.9,4.290104e-03,5.123014e-01,68.8,3.19
IMDB-BINARY,SparseRng,0.9,1.044035e-03,4.842792e-01,68.8,3.19
IMDB-BINARY,SparseRng,0.9,1.227140e-03,5.551989e-01,68.8,3.19
IMDB-BINARY,SparseRng,0.9,1.108170e-03,4.846549e-01,68.8,3.19
IMDB-BINARY,SparseRng,0.9,1.098633e-03,4.890747e-01,68.8,3.19
IMDB-BINARY,SparseRng,0.9,1.074791e-03,4.851315e-01,68.8,3.19
IMDB-BINARY,SparseRng,0.9,1.047134e-03,5.407207e-01,68.8,3.19
IMDB-BINARY,SparseRng,0.9,1.103878e-03,4.853232e-01,68.8,3.19
IMDB-BINARY,SparseRng,0.95,1.062870e-03,4.608979e-01,69.7,4.67
IMDB-BINARY,SparseRng,0.95,4.360914e-03,5.042977e-01,69.7,4.67
IMDB-BINARY,SparseRng,0.95,4.429102e-03,4.952080e-01,69.7,4.67
IMDB-BINARY,SparseRng,0.95,1.199007e-03,4.645207e-01,69.7,4.67
IMDB-BINARY,SparseRng,0.95,1.122952e-03,5.366287e-01,69.7,4.67
IMDB-BINARY,SparseRng,0.95,1.136303e-03,4.601128e-01,69.7,4.67
IMDB-BINARY,SparseRng,0.95,1.191139e-03,4.730504e-01,69.7,4.67
IMDB-BINARY,SparseRng,0.95,1.140118e-03,4.608774e-01,69.7,4.67
IMDB-BINARY,SparseRng,0.95,1.130104e-03,5.181057e-01,69.7,4.67
IMDB-BINARY,SparseRng,0.95,1.147985e-03,4.594674e-01,69.7,4.67
IMDB-BINARY,SparseRng,0.98,1.204252e-03,4.515946e-01,67.4,4.39
IMDB-BINARY,SparseRng,0.98,4.333973e-03,4.904549e-01,67.4,4.39
IMDB-BINARY,SparseRng,0.98,4.441023e-03,4.894357e-01,67.4,4.39
IMDB-BINARY,SparseRng,0.98,1.093864e-03,4.498339e-01,67.4,4.39
IMDB-BINARY,SparseRng,0.98,1.133680e-03,5.239160e-01,67.4,4.39
IMDB-BINARY,SparseRng,0.98,1.076937e-03,4.501424e-01,67.4,4.39
IMDB-BINARY,SparseRng,0.98,1.116753e-03,4.530432e-01,67.4,4.39
IMDB-BINARY,SparseRng,0.98,1.058817e-03,4.504530e-01,67.4,4.39
IMDB-BINARY,SparseRng,0.98,1.062870e-03,5.042300e-01,67.4,4.39
IMDB-BINARY,SparseRng,0.98,1.058340e-03,4.494209e-01,67.4,4.39
IMDB-MULTI,SparseRng,0.02,1.152992e-03,9.066975e-01,48.93,4.52
IMDB-MULTI,SparseRng,0.02,4.868269e-03,8.873422e-01,48.93,4.52
IMDB-MULTI,SparseRng,0.02,4.595757e-03,8.837860e-01,48.93,4.52
IMDB-MULTI,SparseRng,0.02,1.176119e-03,9.214649e-01,48.93,4.52
IMDB-MULTI,SparseRng,0.02,1.106977e-03,9.108307e-01,48.93,4.52
IMDB-MULTI,SparseRng,0.02,1.231909e-03,8.496110e-01,48.93,4.52
IMDB-MULTI,SparseRng,0.02,1.246452e-03,9.094572e-01,48.93,4.52
IMDB-MULTI,SparseRng,0.02,1.197338e-03,8.665302e-01,48.93,4.52
IMDB-MULTI,SparseRng,0.02,1.250505e-03,9.202092e-01,48.93,4.52
IMDB-MULTI,SparseRng,0.02,1.240253e-03,9.117975e-01,48.93,4.52
IMDB-MULTI,SparseRng,0.05,1.157761e-03,8.758569e-01,50.33,4.56
IMDB-MULTI,SparseRng,0.05,4.592180e-03,9.083934e-01,50.33,4.56
IMDB-MULTI,SparseRng,0.05,4.499674e-03,9.073267e-01,50.33,4.56
IMDB-MULTI,SparseRng,0.05,1.204014e-03,9.389789e-01,50.33,4.56
IMDB-MULTI,SparseRng,0.05,1.200438e-03,9.304986e-01,50.33,4.56
IMDB-MULTI,SparseRng,0.05,1.093149e-03,8.710682e-01,50.33,4.56
IMDB-MULTI,SparseRng,0.05,1.154661e-03,9.290705e-01,50.33,4.56
IMDB-MULTI,SparseRng,0.05,1.111031e-03,8.649375e-01,50.33,4.56
IMDB-MULTI,SparseRng,0.05,1.119852e-03,9.470475e-01,50.33,4.56
IMDB-MULTI,SparseRng,0.05,1.128197e-03,8.820541e-01,50.33,4.56
IMDB-MULTI,SparseRng,0.1,1.176834e-03,9.211130e-01,50.33,4.17
IMDB-MULTI,SparseRng,0.1,4.593134e-03,9.025004e-01,50.33,4.17
IMDB-MULTI,SparseRng,0.1,4.817963e-03,9.045835e-01,50.33,4.17
IMDB-MULTI,SparseRng,0.1,1.211882e-03,9.497447e-01,50.33,4.17
IMDB-MULTI,SparseRng,0.1,1.219749e-03,9.290774e-01,50.33,4.17
IMDB-MULTI,SparseRng,0.1,1.182795e-03,8.777778e-01,50.33,4.17
IMDB-MULTI,SparseRng,0.1,1.224518e-03,9.394796e-01,50.33,4.17
IMDB-MULTI,SparseRng,0.1,1.192570e-03,8.801134e-01,50.33,4.17
IMDB-MULTI,SparseRng,0.1,1.141787e-03,9.498992e-01,50.33,4.17
IMDB-MULTI,SparseRng,0.1,1.093864e-03,8.833165e-01,50.33,4.17
IMDB-MULTI,SparseRng,0.2,1.217365e-03,9.527588e-01,50.13,3.73
IMDB-MULTI,SparseRng,0.2,4.543066e-03,8.940351e-01,50.13,3.73
IMDB-MULTI,SparseRng,0.2,4.529238e-03,8.796227e-01,50.13,3.73
IMDB-MULTI,SparseRng,0.2,1.199961e-03,9.279797e-01,50.13,3.73
IMDB-MULTI,SparseRng,0.2,1.174212e-03,9.165766e-01,50.13,3.73
IMDB-MULTI,SparseRng,0.2,1.189947e-03,8.592937e-01,50.13,3.73
IMDB-MULTI,SparseRng,0.2,1.268387e-03,9.308379e-01,50.13,3.73
IMDB-MULTI,SparseRng,0.2,1.130581e-03,8.552921e-01,50.13,3.73
IMDB-MULTI,SparseRng,0.2,1.153231e-03,9.298356e-01,50.13,3.73
IMDB-MULTI,SparseRng,0.2,1.251221e-03,8.559895e-01,50.13,3.73
IMDB-MULTI,SparseRng,0.3,1.113892e-03,9.108837e-01,50.87,5.4
IMDB-MULTI,SparseRng,0.3,4.665852e-03,9.197843e-01,50.87,5.4
IMDB-MULTI,SparseRng,0.3,4.611492e-03,8.892884e-01,50.87,5.4
IMDB-MULTI,SparseRng,0.3,1.164436e-03,9.168782e-01,50.87,5.4
IMDB-MULTI,SparseRng,0.3,1.154423e-03,9.215276e-01,50.87,5.4
IMDB-MULTI,SparseRng,0.3,1.144171e-03,8.574848e-01,50.87,5.4
IMDB-MULTI,SparseRng,0.3,1.167536e-03,8.443134e-01,50.87,5.4
IMDB-MULTI,SparseRng,0.3,1.249790e-03,9.006801e-01,50.87,5.4
IMDB-MULTI,SparseRng,0.3,1.154423e-03,9.176755e-01,50.87,5.4
IMDB-MULTI,SparseRng,0.3,1.246691e-03,8.445923e-01,50.87,5.4
IMDB-MULTI,SparseRng,0.4,1.111984e-03,8.893075e-01,49.07,4.91
IMDB-MULTI,SparseRng,0.4,4.760027e-03,9.248154e-01,49.07,4.91
IMDB-MULTI,SparseRng,0.4,4.554272e-03,8.787258e-01,49.07,4.91
IMDB-MULTI,SparseRng,0.4,1.211882e-03,9.076312e-01,49.07,4.91
IMDB-MULTI,SparseRng,0.4,1.177073e-03,8.366904e-01,49.07,4.91
IMDB-MULTI,SparseRng,0.4,1.200676e-03,8.867285e-01,49.07,4.91
IMDB-MULTI,SparseRng,0.4,1.168728e-03,8.938978e-01,49.07,4.91
IMDB-MULTI,SparseRng,0.4,1.109123e-03,8.297486e-01,49.07,4.91
IMDB-MULTI,SparseRng,0.4,1.100779e-03,9.058216e-01,49.07,4.91
IMDB-MULTI,SparseRng,0.4,1.091242e-03,8.327610e-01,49.07,4.91
IMDB-MULTI,SparseRng,0.5,1.260519e-03,8.926539e-01,48.47,3.59
IMDB-MULTI,SparseRng,0.5,4.639626e-03,8.527374e-01,48.47,3.59
IMDB-MULTI,SparseRng,0.5,4.584074e-03,8.439832e-01,48.47,3.59
IMDB-MULTI,SparseRng,0.5,1.186848e-03,8.892617e-01,48.47,3.59
IMDB-MULTI,SparseRng,0.5,1.318932e-03,8.108220e-01,48.47,3.59
IMDB-MULTI,SparseRng,0.5,1.194477e-03,8.649285e-01,48.47,3.59
IMDB-MULTI,SparseRng,0.5,1.177311e-03,8.053367e-01,48.47,3.59
IMDB-MULTI,SparseRng,0.5,1.222849e-03,8.640244e-01,48.47,3.59
IMDB-MULTI,SparseRng,0.5,1.206875e-03,8.044758e-01,48.47,3.59
IMDB-MULTI,SparseRng,0.5,1.162291e-03,8.866761e-01,48.47,3.59
IMDB-MULTI,SparseRng,0.6,1.158714e-03,8.033910e-01,49.8,4.26
IMDB-MULTI,SparseRng,0.6,4.853487e-03,8.325522e-01,49.8,4.26
IMDB-MULTI,SparseRng,0.6,4.568815e-03,8.136156e-01,49.8,4.26
IMDB-MULTI,SparseRng,0.6,1.197577e-03,8.622119e-01,49.8,4.26
IMDB-MULTI,SparseRng,0.6,1.276255e-03,7.873671e-01,49.8,4.26
IMDB-MULTI,SparseRng,0.6,1.168728e-03,8.758719e-01,49.8,4.26
IMDB-MULTI,SparseRng,0.6,1.230955e-03,7.865334e-01,49.8,4.26
IMDB-MULTI,SparseRng,0.6,1.154900e-03,8.469214e-01,49.8,4.26
IMDB-MULTI,SparseRng,0.6,1.170158e-03,7.840657e-01,49.8,4.26
IMDB-MULTI,SparseRng,0.6,1.266956e-03,8.608227e-01,49.8,4.26
IMDB-MULTI,SparseRng,0.7,1.145840e-03,7.616136e-01,49.27,4.49
IMDB-MULTI,SparseRng,0.7,4.574537e-03,7.873361e-01,49.27,4.49
IMDB-MULTI,SparseRng,0.7,4.548550e-03,7.868798e-01,49.27,4.49
IMDB-MULTI,SparseRng,0.7,1.141548e-03,8.316865e-01,49.27,4.49
IMDB-MULTI,SparseRng,0.7,1.301050e-03,7.583091e-01,49.27,4.49
IMDB-MULTI,SparseRng,0.7,1.254797e-03,8.150754e-01,49.27,4.49
IMDB-MULTI,SparseRng,0.7,1.147747e-03,7.551110e-01,49.27,4.49
IMDB-MULTI,SparseRng,0.7,1.188040e-03,8.266985e-01,49.27,4.49
IMDB-MULTI,SparseRng,0.7,1.199484e-03,7.558548e-01,49.27,4.49
IMDB-MULTI,SparseRng,0.7,1.114607e-03,7.706044e-01,49.27,4.49
IMDB-MULTI,SparseRng,0.8,1.199007e-03,7.827990e-01,49.13,4.44
IMDB-MULTI,SparseRng,0.8,4.778862e-03,7.740924e-01,49.13,4.44
IMDB-MULTI,SparseRng,0.8,4.848957e-03,7.848659e-01,49.13,4.44
IMDB-MULTI,SparseRng,0.8,1.281738e-03,8.241606e-01,49.13,4.44
IMDB-MULTI,SparseRng,0.8,1.223087e-03,7.936695e-01,49.13,4.44
IMDB-MULTI,SparseRng,0.8,1.162052e-03,8.216486e-01,49.13,4.44
IMDB-MULTI,SparseRng,0.8,1.154184e-03,7.454216e-01,49.13,4.44
IMDB-MULTI,SparseRng,0.8,1.222134e-03,7.462766e-01,49.13,4.44
IMDB-MULTI,SparseRng,0.8,1.238823e-03,8.040509e-01,49.13,4.44
IMDB-MULTI,SparseRng,0.8,1.168013e-03,7.564087e-01,49.13,4.44
IMDB-MULTI,SparseRng,0.9,1.214027e-03,7.820644e-01,49.4,2.96
IMDB-MULTI,SparseRng,0.9,4.609108e-03,7.421286e-01,49.4,2.96
IMDB-MULTI,SparseRng,0.9,4.559994e-03,7.142925e-01,49.4,2.96
IMDB-MULTI,SparseRng,0.9,1.136065e-03,7.602022e-01,49.4,2.96
IMDB-MULTI,SparseRng,0.9,1.175642e-03,6.909277e-01,49.4,2.96
IMDB-MULTI,SparseRng,0.9,1.218796e-03,6.888967e-01,49.4,2.96
IMDB-MULTI,SparseRng,0.9,1.163244e-03,7.461388e-01,49.4,2.96
IMDB-MULTI,SparseRng,0.9,1.195192e-03,6.865318e-01,49.4,2.96
IMDB-MULTI,SparseRng,0.9,1.196623e-03,7.421017e-01,49.4,2.96
IMDB-MULTI,SparseRng,0.9,1.198530e-03,6.917665e-01,49.4,2.96
IMDB-MULTI,SparseRng,0.95,1.152039e-03,7.330043e-01,48.93,2.31
IMDB-MULTI,SparseRng,0.95,4.785299e-03,7.135725e-01,48.93,2.31
IMDB-MULTI,SparseRng,0.95,4.457235e-03,6.878750e-01,48.93,2.31
IMDB-MULTI,SparseRng,0.95,1.147985e-03,7.924991e-01,48.93,2.31
IMDB-MULTI,SparseRng,0.95,1.154661e-03,6.682036e-01,48.93,2.31
IMDB-MULTI,SparseRng,0.95,1.198292e-03,7.177372e-01,48.93,2.31
IMDB-MULTI,SparseRng,0.95,1.153231e-03,6.612487e-01,48.93,2.31
IMDB-MULTI,SparseRng,0.95,1.159668e-03,6.644592e-01,48.93,2.31
IMDB-MULTI,SparseRng,0.95,1.182556e-03,7.185581e-01,48.93,2.31
IMDB-MULTI,SparseRng,0.95,1.195431e-03,6.609359e-01,48.93,2.31
IMDB-MULTI,SparseRng,0.98,1.332760e-03,7.321413e-01,47.73,5.43
IMDB-MULTI,SparseRng,0.98,4.525900e-03,6.744678e-01,47.73,5.43
IMDB-MULTI,SparseRng,0.98,4.512072e-03,6.730731e-01,47.73,5.43
IMDB-MULTI,SparseRng,0.98,1.178503e-03,7.190151e-01,47.73,5.43
IMDB-MULTI,SparseRng,0.98,1.149178e-03,6.471467e-01,47.73,5.43
IMDB-MULTI,SparseRng,0.98,1.225948e-03,7.241921e-01,47.73,5.43
IMDB-MULTI,SparseRng,0.98,1.096249e-03,6.425159e-01,47.73,5.43
IMDB-MULTI,SparseRng,0.98,1.204252e-03,6.474123e-01,47.73,5.43
IMDB-MULTI,SparseRng,0.98,1.152992e-03,6.973641e-01,47.73,5.43
IMDB-MULTI,SparseRng,0.98,1.172304e-03,6.421771e-01,47.73,5.43

REDDIT-BINARY,SparseRng,0.02,9.861708e-03,3.900880e+01,91.2,1.57
REDDIT-BINARY,SparseRng,0.02,1.302624e-02,3.873425e+01,91.2,1.57
REDDIT-BINARY,SparseRng,0.02,1.459098e-02,3.895794e+01,91.2,1.57
REDDIT-BINARY,SparseRng,0.02,5.337715e-03,3.900231e+01,91.2,1.57
REDDIT-BINARY,SparseRng,0.02,5.073547e-03,3.911192e+01,91.2,1.57
REDDIT-BINARY,SparseRng,0.02,5.019426e-03,3.901728e+01,91.2,1.57
REDDIT-BINARY,SparseRng,0.02,4.915953e-03,3.909700e+01,91.2,1.57
REDDIT-BINARY,SparseRng,0.02,5.253315e-03,3.885064e+01,91.2,1.57
REDDIT-BINARY,SparseRng,0.02,4.904032e-03,3.891129e+01,91.2,1.57
REDDIT-BINARY,SparseRng,0.02,5.050659e-03,4.016720e+01,91.2,1.57
REDDIT-BINARY,SparseRng,0.05,5.079508e-03,3.898369e+01,90.55,1.92
REDDIT-BINARY,SparseRng,0.05,1.218653e-02,3.894468e+01,90.55,1.92
REDDIT-BINARY,SparseRng,0.05,1.458931e-02,3.902825e+01,90.55,1.92
REDDIT-BINARY,SparseRng,0.05,5.194664e-03,3.876160e+01,90.55,1.92
REDDIT-BINARY,SparseRng,0.05,4.954100e-03,3.871891e+01,90.55,1.92
REDDIT-BINARY,SparseRng,0.05,4.973888e-03,3.863104e+01,90.55,1.92
REDDIT-BINARY,SparseRng,0.05,4.987478e-03,3.911326e+01,90.55,1.92
REDDIT-BINARY,SparseRng,0.05,5.167484e-03,3.905417e+01,90.55,1.92
REDDIT-BINARY,SparseRng,0.05,5.164623e-03,3.896369e+01,90.55,1.92
REDDIT-BINARY,SparseRng,0.05,5.082846e-03,3.995808e+01,90.55,1.92
REDDIT-BINARY,SparseRng,0.1,4.923582e-03,3.818405e+01,91.25,1.52
REDDIT-BINARY,SparseRng,0.1,1.726723e-02,3.810641e+01,91.25,1.52
REDDIT-BINARY,SparseRng,0.1,1.433921e-02,3.806815e+01,91.25,1.52
REDDIT-BINARY,SparseRng,0.1,5.017757e-03,3.805189e+01,91.25,1.52
REDDIT-BINARY,SparseRng,0.1,5.048990e-03,3.810230e+01,91.25,1.52
REDDIT-BINARY,SparseRng,0.1,5.230904e-03,3.806031e+01,91.25,1.52
REDDIT-BINARY,SparseRng,0.1,5.024195e-03,3.803362e+01,91.25,1.52
REDDIT-BINARY,SparseRng,0.1,5.094051e-03,3.804945e+01,91.25,1.52
REDDIT-BINARY,SparseRng,0.1,5.076885e-03,3.808941e+01,91.25,1.52
REDDIT-BINARY,SparseRng,0.1,5.017757e-03,3.947623e+01,91.25,1.52
REDDIT-BINARY,SparseRng,0.2,4.978418e-03,3.650337e+01,89.95,1.88
REDDIT-BINARY,SparseRng,0.2,1.005054e-02,3.643492e+01,89.95,1.88
REDDIT-BINARY,SparseRng,0.2,8.914948e-03,3.660737e+01,89.95,1.88
REDDIT-BINARY,SparseRng,0.2,5.039454e-03,3.657777e+01,89.95,1.88
REDDIT-BINARY,SparseRng,0.2,5.124331e-03,3.650631e+01,89.95,1.88
REDDIT-BINARY,SparseRng,0.2,5.016327e-03,3.652689e+01,89.95,1.88
REDDIT-BINARY,SparseRng,0.2,5.131721e-03,3.653773e+01,89.95,1.88
REDDIT-BINARY,SparseRng,0.2,5.011559e-03,3.651345e+01,89.95,1.88
REDDIT-BINARY,SparseRng,0.2,5.223989e-03,3.664796e+01,89.95,1.88
REDDIT-BINARY,SparseRng,0.2,5.136967e-03,3.665872e+01,89.95,1.88
REDDIT-BINARY,SparseRng,0.3,5.021811e-03,3.510910e+01,88.7,1.57
REDDIT-BINARY,SparseRng,0.3,1.268673e-02,3.418634e+01,88.7,1.57
REDDIT-BINARY,SparseRng,0.3,7.557392e-03,3.404722e+01,88.7,1.57
REDDIT-BINARY,SparseRng,0.3,5.051613e-03,3.390766e+01,88.7,1.57
REDDIT-BINARY,SparseRng,0.3,4.878998e-03,3.396758e+01,88.7,1.57
REDDIT-BINARY,SparseRng,0.3,5.079508e-03,3.386137e+01,88.7,1.57
REDDIT-BINARY,SparseRng,0.3,5.152941e-03,3.400090e+01,88.7,1.57
REDDIT-BINARY,SparseRng,0.3,4.985571e-03,3.390331e+01,88.7,1.57
REDDIT-BINARY,SparseRng,0.3,4.905701e-03,3.388340e+01,88.7,1.57
REDDIT-BINARY,SparseRng,0.3,4.889965e-03,3.396321e+01,88.7,1.57
REDDIT-BINARY,SparseRng,0.4,5.109787e-03,3.131409e+01,87.95,1.08
REDDIT-BINARY,SparseRng,0.4,1.267862e-02,3.012548e+01,87.95,1.08
REDDIT-BINARY,SparseRng,0.4,1.514387e-02,3.016731e+01,87.95,1.08
REDDIT-BINARY,SparseRng,0.4,7.420063e-03,3.008610e+01,87.95,1.08
REDDIT-BINARY,SparseRng,0.4,5.061865e-03,2.999809e+01,87.95,1.08
REDDIT-BINARY,SparseRng,0.4,4.925013e-03,3.002709e+01,87.95,1.08
REDDIT-BINARY,SparseRng,0.4,5.045891e-03,2.997446e+01,87.95,1.08
REDDIT-BINARY,SparseRng,0.4,5.120277e-03,3.013577e+01,87.95,1.08
REDDIT-BINARY,SparseRng,0.4,5.119801e-03,3.003142e+01,87.95,1.08
REDDIT-BINARY,SparseRng,0.4,4.936934e-03,3.006187e+01,87.95,1.08
REDDIT-BINARY,SparseRng,0.5,4.891634e-03,2.498517e+01,86.3,1.33
REDDIT-BINARY,SparseRng,0.5,1.022434e-02,2.505911e+01,86.3,1.33
REDDIT-BINARY,SparseRng,0.5,8.502483e-03,2.503453e+01,86.3,1.33
REDDIT-BINARY,SparseRng,0.5,5.048513e-03,2.498412e+01,86.3,1.33
REDDIT-BINARY,SparseRng,0.5,5.112171e-03,2.498742e+01,86.3,1.33
REDDIT-BINARY,SparseRng,0.5,5.076170e-03,2.504267e+01,86.3,1.33
REDDIT-BINARY,SparseRng,0.5,5.047798e-03,2.504972e+01,86.3,1.33
REDDIT-BINARY,SparseRng,0.5,5.186319e-03,2.505446e+01,86.3,1.33
REDDIT-BINARY,SparseRng,0.5,5.014896e-03,2.517037e+01,86.3,1.33
REDDIT-BINARY,SparseRng,0.5,4.998207e-03,2.499728e+01,86.3,1.33
REDDIT-BINARY,SparseRng,0.6,5.176067e-03,1.995181e+01,85.3,1.38
REDDIT-BINARY,SparseRng,0.6,8.730888e-03,1.961006e+01,85.3,1.38
REDDIT-BINARY,SparseRng,0.6,1.452613e-02,1.993758e+01,85.3,1.38
REDDIT-BINARY,SparseRng,0.6,4.878044e-03,1.968882e+01,85.3,1.38
REDDIT-BINARY,SparseRng,0.6,4.899025e-03,1.963499e+01,85.3,1.38
REDDIT-BINARY,SparseRng,0.6,5.147219e-03,2.012501e+01,85.3,1.38
REDDIT-BINARY,SparseRng,0.6,5.372524e-03,1.958297e+01,85.3,1.38
REDDIT-BINARY,SparseRng,0.6,4.943848e-03,1.966114e+01,85.3,1.38
REDDIT-BINARY,SparseRng,0.6,5.028009e-03,1.992252e+01,85.3,1.38
REDDIT-BINARY,SparseRng,0.6,4.994869e-03,1.987310e+01,85.3,1.38
REDDIT-BINARY,SparseRng,0.7,5.262136e-03,1.454814e+01,84.7,1.42
REDDIT-BINARY,SparseRng,0.7,6.888628e-03,1.446744e+01,84.7,1.42
REDDIT-BINARY,SparseRng,0.7,1.341152e-02,1.441062e+01,84.7,1.42
REDDIT-BINARY,SparseRng,0.7,4.846811e-03,1.475739e+01,84.7,1.42
REDDIT-BINARY,SparseRng,0.7,5.070210e-03,1.439737e+01,84.7,1.42
REDDIT-BINARY,SparseRng,0.7,4.853725e-03,1.483638e+01,84.7,1.42
REDDIT-BINARY,SparseRng,0.7,5.188465e-03,1.455892e+01,84.7,1.42
REDDIT-BINARY,SparseRng,0.7,5.210638e-03,1.447324e+01,84.7,1.42
REDDIT-BINARY,SparseRng,0.7,5.050898e-03,1.453882e+01,84.7,1.42
REDDIT-BINARY,SparseRng,0.7,9.134054e-03,1.455434e+01,84.7,1.42
REDDIT-BINARY,SparseRng,0.8,5.063295e-03,9.147664e+00,83.4,1.02
REDDIT-BINARY,SparseRng,0.8,1.248407e-02,9.037069e+00,83.4,1.02
REDDIT-BINARY,SparseRng,0.8,1.017380e-02,8.968735e+00,83.4,1.02
REDDIT-BINARY,SparseRng,0.8,5.116463e-03,9.040311e+00,83.4,1.02
REDDIT-BINARY,SparseRng,0.8,4.976988e-03,8.993850e+00,83.4,1.02
REDDIT-BINARY,SparseRng,0.8,4.954576e-03,9.087185e+00,83.4,1.02
REDDIT-BINARY,SparseRng,0.8,4.934072e-03,9.208080e+00,83.4,1.02
REDDIT-BINARY,SparseRng,0.8,5.102158e-03,8.947813e+00,83.4,1.02
REDDIT-BINARY,SparseRng,0.8,5.055189e-03,9.009579e+00,83.4,1.02
REDDIT-BINARY,SparseRng,0.8,5.056858e-03,8.931988e+00,83.4,1.02
REDDIT-BINARY,SparseRng,0.9,5.199671e-03,4.549802e+00,83.1,1.32
REDDIT-BINARY,SparseRng,0.9,1.013184e-02,4.555934e+00,83.1,1.32
REDDIT-BINARY,SparseRng,0.9,1.356316e-02,4.560509e+00,83.1,1.32
REDDIT-BINARY,SparseRng,0.9,5.117655e-03,4.480282e+00,83.1,1.32
REDDIT-BINARY,SparseRng,0.9,4.952908e-03,4.584889e+00,83.1,1.32
REDDIT-BINARY,SparseRng,0.9,5.050182e-03,4.520816e+00,83.1,1.32
REDDIT-BINARY,SparseRng,0.9,5.119801e-03,4.463594e+00,83.1,1.32
REDDIT-BINARY,SparseRng,0.9,5.019903e-03,4.544783e+00,83.1,1.32
REDDIT-BINARY,SparseRng,0.9,5.103588e-03,4.665768e+00,83.1,1.32
REDDIT-BINARY,SparseRng,0.9,5.034924e-03,4.581579e+00,83.1,1.32
REDDIT-BINARY,SparseRng,0.95,5.229473e-03,2.865885e+00,82.65,1.79
REDDIT-BINARY,SparseRng,0.95,8.032560e-03,2.798577e+00,82.65,1.79
REDDIT-BINARY,SparseRng,0.95,8.710384e-03,3.060704e+00,82.65,1.79
REDDIT-BINARY,SparseRng,0.95,5.005836e-03,2.778363e+00,82.65,1.79
REDDIT-BINARY,SparseRng,0.95,4.970312e-03,2.889599e+00,82.65,1.79
REDDIT-BINARY,SparseRng,0.95,4.952192e-03,2.824021e+00,82.65,1.79
REDDIT-BINARY,SparseRng,0.95,5.102873e-03,2.804528e+00,82.65,1.79
REDDIT-BINARY,SparseRng,0.95,5.109787e-03,2.807350e+00,82.65,1.79
REDDIT-BINARY,SparseRng,0.95,5.166769e-03,2.798477e+00,82.65,1.79
REDDIT-BINARY,SparseRng,0.95,5.181551e-03,2.776777e+00,82.65,1.79
REDDIT-BINARY,SparseRng,0.98,5.066156e-03,2.288967e+00,81.25,2.23
REDDIT-BINARY,SparseRng,0.98,1.256561e-02,2.291535e+00,81.25,2.23
REDDIT-BINARY,SparseRng,0.98,8.605957e-03,2.365923e+00,81.25,2.23
REDDIT-BINARY,SparseRng,0.98,5.132675e-03,2.212533e+00,81.25,2.23
REDDIT-BINARY,SparseRng,0.98,6.978750e-03,2.393198e+00,81.25,2.23
REDDIT-BINARY,SparseRng,0.98,5.116224e-03,2.212475e+00,81.25,2.23
REDDIT-BINARY,SparseRng,0.98,4.951000e-03,2.286590e+00,81.25,2.23
REDDIT-BINARY,SparseRng,0.98,5.220652e-03,2.514259e+00,81.25,2.23
REDDIT-BINARY,SparseRng,0.98,5.266428e-03,2.299592e+00,81.25,2.23
REDDIT-BINARY,SparseRng,0.98,5.162716e-03,2.514949e+00,81.25,2.23
REDDIT-MULTI-5K,SparseRng,0.02,2.852321e-02,7.588059e+01,52.75,1.74
REDDIT-MULTI-5K,SparseRng,0.02,2.833819e-02,7.577973e+01,52.75,1.74
REDDIT-MULTI-5K,SparseRng,0.02,3.226233e-02,7.562653e+01,52.75,1.74
REDDIT-MULTI-5K,SparseRng,0.02,2.751422e-02,7.559285e+01,52.75,1.74
REDDIT-MULTI-5K,SparseRng,0.02,2.785778e-02,7.579852e+01,52.75,1.74
REDDIT-MULTI-5K,SparseRng,0.02,2.782416e-02,7.751594e+01,52.75,1.74
REDDIT-MULTI-5K,SparseRng,0.02,2.858686e-02,7.592317e+01,52.75,1.74
REDDIT-MULTI-5K,SparseRng,0.02,2.864671e-02,7.568203e+01,52.75,1.74
REDDIT-MULTI-5K,SparseRng,0.02,2.829313e-02,7.562972e+01,52.75,1.74
REDDIT-MULTI-5K,SparseRng,0.02,2.825832e-02,7.572775e+01,52.75,1.74
REDDIT-MULTI-5K,SparseRng,0.05,2.839589e-02,7.517853e+01,52.83,1.05
REDDIT-MULTI-5K,SparseRng,0.05,3.087282e-02,7.591170e+01,52.83,1.05
REDDIT-MULTI-5K,SparseRng,0.05,3.591895e-02,7.564511e+01,52.83,1.05
REDDIT-MULTI-5K,SparseRng,0.05,2.756786e-02,7.512174e+01,52.83,1.05
REDDIT-MULTI-5K,SparseRng,0.05,2.791858e-02,7.553967e+01,52.83,1.05
REDDIT-MULTI-5K,SparseRng,0.05,2.822518e-02,7.718143e+01,52.83,1.05
REDDIT-MULTI-5K,SparseRng,0.05,2.895880e-02,7.532456e+01,52.83,1.05
REDDIT-MULTI-5K,SparseRng,0.05,2.839231e-02,7.550769e+01,52.83,1.05
REDDIT-MULTI-5K,SparseRng,0.05,3.036928e-02,7.566828e+01,52.83,1.05
REDDIT-MULTI-5K,SparseRng,0.05,2.853084e-02,7.554278e+01,52.83,1.05
REDDIT-MULTI-5K,SparseRng,0.1,2.835917e-02,7.422625e+01,52.37,1.87
REDDIT-MULTI-5K,SparseRng,0.1,2.852535e-02,7.443412e+01,52.37,1.87
REDDIT-MULTI-5K,SparseRng,0.1,3.561378e-02,7.449078e+01,52.37,1.87
REDDIT-MULTI-5K,SparseRng,0.1,2.741694e-02,7.469705e+01,52.37,1.87
REDDIT-MULTI-5K,SparseRng,0.1,2.747631e-02,7.442221e+01,52.37,1.87
REDDIT-MULTI-5K,SparseRng,0.1,2.766466e-02,7.417072e+01,52.37,1.87
REDDIT-MULTI-5K,SparseRng,0.1,2.781677e-02,7.578560e+01,52.37,1.87
REDDIT-MULTI-5K,SparseRng,0.1,2.819204e-02,7.462320e+01,52.37,1.87
REDDIT-MULTI-5K,SparseRng,0.1,2.836895e-02,7.430182e+01,52.37,1.87
REDDIT-MULTI-5K,SparseRng,0.1,2.835560e-02,7.430555e+01,52.37,1.87
REDDIT-MULTI-5K,SparseRng,0.2,2.870798e-02,7.135273e+01,51.99,2.16
REDDIT-MULTI-5K,SparseRng,0.2,2.855134e-02,7.170807e+01,51.99,2.16
REDDIT-MULTI-5K,SparseRng,0.2,3.561997e-02,7.119590e+01,51.99,2.16
REDDIT-MULTI-5K,SparseRng,0.2,2.744198e-02,7.128567e+01,51.99,2.16
REDDIT-MULTI-5K,SparseRng,0.2,2.754235e-02,7.131902e+01,51.99,2.16
REDDIT-MULTI-5K,SparseRng,0.2,2.829218e-02,7.141979e+01,51.99,2.16
REDDIT-MULTI-5K,SparseRng,0.2,2.817035e-02,7.249350e+01,51.99,2.16
REDDIT-MULTI-5K,SparseRng,0.2,2.848673e-02,7.090744e+01,51.99,2.16
REDDIT-MULTI-5K,SparseRng,0.2,2.820683e-02,7.104216e+01,51.99,2.16
REDDIT-MULTI-5K,SparseRng,0.2,2.842832e-02,7.159448e+01,51.99,2.16
REDDIT-MULTI-5K,SparseRng,0.3,2.822304e-02,6.668571e+01,52.47,1.93
REDDIT-MULTI-5K,SparseRng,0.3,2.853942e-02,6.672958e+01,52.47,1.93
REDDIT-MULTI-5K,SparseRng,0.3,4.350495e-02,6.662173e+01,52.47,1.93
REDDIT-MULTI-5K,SparseRng,0.3,2.728534e-02,6.649966e+01,52.47,1.93
REDDIT-MULTI-5K,SparseRng,0.3,2.731085e-02,6.645615e+01,52.47,1.93
REDDIT-MULTI-5K,SparseRng,0.3,2.748990e-02,6.661737e+01,52.47,1.93
REDDIT-MULTI-5K,SparseRng,0.3,2.747607e-02,6.842422e+01,52.47,1.93
REDDIT-MULTI-5K,SparseRng,0.3,2.996874e-02,6.650719e+01,52.47,1.93
REDDIT-MULTI-5K,SparseRng,0.3,2.883220e-02,6.670204e+01,52.47,1.93
REDDIT-MULTI-5K,SparseRng,0.3,2.838159e-02,6.662444e+01,52.47,1.93
REDDIT-MULTI-5K,SparseRng,0.4,2.833605e-02,6.002232e+01,51.49,1.43
REDDIT-MULTI-5K,SparseRng,0.4,3.002310e-02,6.014746e+01,51.49,1.43
REDDIT-MULTI-5K,SparseRng,0.4,3.593445e-02,6.126598e+01,51.49,1.43
REDDIT-MULTI-5K,SparseRng,0.4,2.806830e-02,6.003038e+01,51.49,1.43
REDDIT-MULTI-5K,SparseRng,0.4,2.767348e-02,5.996092e+01,51.49,1.43
REDDIT-MULTI-5K,SparseRng,0.4,2.787328e-02,6.007728e+01,51.49,1.43
REDDIT-MULTI-5K,SparseRng,0.4,2.815056e-02,6.322188e+01,51.49,1.43
REDDIT-MULTI-5K,SparseRng,0.4,2.836084e-02,6.045571e+01,51.49,1.43
REDDIT-MULTI-5K,SparseRng,0.4,2.870178e-02,5.976337e+01,51.49,1.43
REDDIT-MULTI-5K,SparseRng,0.4,2.870584e-02,5.981306e+01,51.49,1.43
REDDIT-MULTI-5K,SparseRng,0.5,2.833557e-02,5.173384e+01,50.51,1.85
REDDIT-MULTI-5K,SparseRng,0.5,2.915478e-02,5.168240e+01,50.51,1.85
REDDIT-MULTI-5K,SparseRng,0.5,3.422427e-02,5.219027e+01,50.51,1.85
REDDIT-MULTI-5K,SparseRng,0.5,2.870631e-02,5.150047e+01,50.51,1.85
REDDIT-MULTI-5K,SparseRng,0.5,2.892017e-02,5.145353e+01,50.51,1.85
REDDIT-MULTI-5K,SparseRng,0.5,2.835608e-02,5.138880e+01,50.51,1.85
REDDIT-MULTI-5K,SparseRng,0.5,2.851295e-02,5.123565e+01,50.51,1.85
REDDIT-MULTI-5K,SparseRng,0.5,2.834082e-02,5.353011e+01,50.51,1.85
REDDIT-MULTI-5K,SparseRng,0.5,2.839279e-02,5.174631e+01,50.51,1.85
REDDIT-MULTI-5K,SparseRng,0.5,2.836180e-02,5.150677e+01,50.51,1.85
REDDIT-MULTI-5K,SparseRng,0.6,2.866316e-02,4.185174e+01,49.51,2.34
REDDIT-MULTI-5K,SparseRng,0.6,2.926111e-02,4.200511e+01,49.51,2.34
REDDIT-MULTI-5K,SparseRng,0.6,3.412104e-02,4.204146e+01,49.51,2.34
REDDIT-MULTI-5K,SparseRng,0.6,2.769685e-02,4.212738e+01,49.51,2.34
REDDIT-MULTI-5K,SparseRng,0.6,2.768135e-02,4.233322e+01,49.51,2.34
REDDIT-MULTI-5K,SparseRng,0.6,2.785182e-02,4.168880e+01,49.51,2.34
REDDIT-MULTI-5K,SparseRng,0.6,2.788091e-02,4.233670e+01,49.51,2.34
REDDIT-MULTI-5K,SparseRng,0.6,2.791762e-02,4.232986e+01,49.51,2.34
REDDIT-MULTI-5K,SparseRng,0.6,2.790403e-02,4.191224e+01,49.51,2.34
REDDIT-MULTI-5K,SparseRng,0.6,2.797532e-02,4.420348e+01,49.51,2.34
REDDIT-MULTI-5K,SparseRng,0.7,2.836823e-02,3.110877e+01,48.17,1.6
REDDIT-MULTI-5K,SparseRng,0.7,2.901387e-02,3.121386e+01,48.17,1.6
REDDIT-MULTI-5K,SparseRng,0.7,3.420210e-02,3.204856e+01,48.17,1.6
REDDIT-MULTI-5K,SparseRng,0.7,2.805758e-02,3.166925e+01,48.17,1.6
REDDIT-MULTI-5K,SparseRng,0.7,2.833652e-02,3.153098e+01,48.17,1.6
REDDIT-MULTI-5K,SparseRng,0.7,2.806997e-02,3.119005e+01,48.17,1.6
REDDIT-MULTI-5K,SparseRng,0.7,2.814031e-02,3.140628e+01,48.17,1.6
REDDIT-MULTI-5K,SparseRng,0.7,2.807355e-02,3.116408e+01,48.17,1.6
REDDIT-MULTI-5K,SparseRng,0.7,2.819943e-02,3.137584e+01,48.17,1.6
REDDIT-MULTI-5K,SparseRng,0.7,2.826476e-02,3.102792e+01,48.17,1.6
REDDIT-MULTI-5K,SparseRng,0.8,2.811050e-02,2.030516e+01,46.73,2.25
REDDIT-MULTI-5K,SparseRng,0.8,3.185511e-02,1.990650e+01,46.73,2.25
REDDIT-MULTI-5K,SparseRng,0.8,3.221679e-02,2.028653e+01,46.73,2.25
REDDIT-MULTI-5K,SparseRng,0.8,2.781200e-02,1.985651e+01,46.73,2.25
REDDIT-MULTI-5K,SparseRng,0.8,2.802753e-02,1.969839e+01,46.73,2.25
REDDIT-MULTI-5K,SparseRng,0.8,2.789736e-02,2.026114e+01,46.73,2.25
REDDIT-MULTI-5K,SparseRng,0.8,2.828598e-02,1.985478e+01,46.73,2.25
REDDIT-MULTI-5K,SparseRng,0.8,2.821732e-02,1.988806e+01,46.73,2.25
REDDIT-MULTI-5K,SparseRng,0.8,2.804852e-02,2.027929e+01,46.73,2.25
REDDIT-MULTI-5K,SparseRng,0.8,2.818751e-02,2.005278e+01,46.73,2.25
REDDIT-MULTI-5K,SparseRng,0.9,2.825499e-02,1.044473e+01,42.97,2.47
REDDIT-MULTI-5K,SparseRng,0.9,3.082943e-02,1.047586e+01,42.97,2.47
REDDIT-MULTI-5K,SparseRng,0.9,3.255630e-02,1.021063e+01,42.97,2.47
REDDIT-MULTI-5K,SparseRng,0.9,2.817750e-02,1.022452e+01,42.97,2.47
REDDIT-MULTI-5K,SparseRng,0.9,2.794528e-02,1.038920e+01,42.97,2.47
REDDIT-MULTI-5K,SparseRng,0.9,2.828932e-02,1.022470e+01,42.97,2.47
REDDIT-MULTI-5K,SparseRng,0.9,2.788687e-02,1.060038e+01,42.97,2.47
REDDIT-MULTI-5K,SparseRng,0.9,2.817321e-02,1.050829e+01,42.97,2.47
REDDIT-MULTI-5K,SparseRng,0.9,2.835512e-02,1.024881e+01,42.97,2.47
REDDIT-MULTI-5K,SparseRng,0.9,2.836370e-02,1.027790e+01,42.97,2.47
REDDIT-MULTI-5K,SparseRng,0.95,2.835083e-02,7.019357e+00,41.29,1.98
REDDIT-MULTI-5K,SparseRng,0.95,3.120899e-02,7.270430e+00,41.29,1.98
REDDIT-MULTI-5K,SparseRng,0.95,2.803493e-02,6.952283e+00,41.29,1.98
REDDIT-MULTI-5K,SparseRng,0.95,2.773380e-02,6.899173e+00,41.29,1.98
REDDIT-MULTI-5K,SparseRng,0.95,2.790689e-02,7.039997e+00,41.29,1.98
REDDIT-MULTI-5K,SparseRng,0.95,2.783799e-02,6.969421e+00,41.29,1.98
REDDIT-MULTI-5K,SparseRng,0.95,2.782607e-02,6.976674e+00,41.29,1.98
REDDIT-MULTI-5K,SparseRng,0.95,2.816606e-02,7.107084e+00,41.29,1.98
REDDIT-MULTI-5K,SparseRng,0.95,2.866530e-02,6.962333e+00,41.29,1.98
REDDIT-MULTI-5K,SparseRng,0.95,2.812862e-02,6.935826e+00,41.29,1.98
REDDIT-MULTI-5K,SparseRng,0.98,2.798939e-02,6.131186e+00,41.05,2.24
REDDIT-MULTI-5K,SparseRng,0.98,3.095222e-02,5.970412e+00,41.05,2.24
REDDIT-MULTI-5K,SparseRng,0.98,3.063655e-02,6.087311e+00,41.05,2.24
REDDIT-MULTI-5K,SparseRng,0.98,2.792740e-02,6.027429e+00,41.05,2.24
REDDIT-MULTI-5K,SparseRng,0.98,2.825046e-02,6.115181e+00,41.05,2.24
REDDIT-MULTI-5K,SparseRng,0.98,2.793694e-02,6.070505e+00,41.05,2.24
REDDIT-MULTI-5K,SparseRng,0.98,2.777982e-02,6.058944e+00,41.05,2.24
REDDIT-MULTI-5K,SparseRng,0.98,2.820516e-02,6.025540e+00,41.05,2.24
REDDIT-MULTI-5K,SparseRng,0.98,2.774739e-02,6.065346e+00,41.05,2.24
REDDIT-MULTI-5K,SparseRng,0.98,2.800155e-02,6.055087e+00,41.05,2.24
